row_index,group,split,device_type
0,2pacz::o=p(o)(o)ccn1c2ccccc2c2ccccc21,train,OPV
1,4pacz::op(ccccn1c2=c(c=cc=c2)c3=c1c=cc=c3)(o)=o,train,OPV
2,tdpa‑cl::o=p(o)(o)ccccn1c2cc(cl)ccc2sc2cc(cl)ccc21,train,OPV
3,tdpa‑cl::o=p(o)(o)ccccn1c2cc(cl)ccc2sc2cc(cl)ccc21,train,OPV
4,ph-4pacz::c1=cc=c(c=c1)c2=cc3=c(c=c2)n(ccccp(=o)(o)o)c4=c3c=cc=c4,train,OPV
5,br-2pacz::o=p(o)(o)ccn1c2cc(br)ccc2c2ccc(br)cc21,train,OPV
6,me-4pacz::cc1ccc2c(c1)c1ccc(c)cc1n2ccccp(=o)(o)o,train,OPV
7,c60-cooh (sam1)::cccc1=c(c(=o)c=c1)c(=o)o,train,OPV
8,pcbm-cooh (sam4)::cccc1=c(c(=o)c=c1)c(=o)o,train,OPV
9,2pacz::o=p(o)(o)ccn1c2ccccc2c2ccccc21,train,OPV
10,3-bpic(i)::o=p(o)(o)ccccn1c2ccccc2c2c1c1c(c3ccccc3n1ccccp(=o)(o)o)c1c2c2c(n(ccccp(=o)(o)o)c3ccccc32)cc1,train,OPV
11,3-bpic::o=p(o)(o)ccccn1c2cc3c(cc2f)c2c4c(c5c(n(c6ccccc65)ccccp(=o)(o)o)cc4)c4c3c(c3ccccc31)c(n4ccccp(=o)(o)o)c2,train,OPV
12,3-bpic-f::o=p(o)(o)ccccn1c2ccc3c4c2c2c5c(c6ccccc6n5ccccp(=o)(o)o)c5c(c6ccccc6n5ccccp(=o)(o)o)c2c4c4c3c1c1cc(f)ccc14,train,OPV
13,br-2pacz::o=p(o)(o)ccn1c2cc(br)ccc2c2ccc(br)cc21,train,OPV
14,f8-sam::o=p(o)(o)ccc(f)(f)c(f)(f)c(f)(f)c(f)(f)c(f)(f)c(f)(f)f,train,OPV
15,h8-sam::o=p(o)(o)cccccccc,train,OPV
16,dcb-bpa::c1=cc2=c(c=c1)n([3h])c3=c2c4=c(c5=c(c=cc=c5)n4cccp(=o)(o)o)c6=c3c7=c(c=cc=c7)n6cccp(=o)(o)o,train,OPV
17,"3,6-cl-2pacz::c1=c(c=c2c3=c(c=cc(=c3)cl)n(ccp(=o)(o)o)c2=c1)cl",train,OPV
18,"4,5-cl-2pacz::c1=cc2=c(c(=c1)cl)c3=c(c=cc=c3cl)n2ccp(=o)(o)o",train,OPV
19,f-2pacz::o=p(o)(o)cccn1c2ccc(f)cc2c2cc(f)ccc21,train,OPV
20,cl-2pacz::o=p(o)(o)cccn1c2ccc(cl)cc2c2cc(cl)ccc21,train,OPV
21,br-2pacz::o=p(o)(o)ccn1c2cc(br)ccc2c2ccc(br)cc21,train,OPV
22,i-2pacz::o=p(o)(o)cccn1c2ccc(i)cc2c2cc(i)ccc21,train,OPV
23,br-2epo::o=p(o)(o)ccn1c2ccc(br)cc2oc2cc(br)ccc21,test,OPV
24,br-2ept::o=p(o)(o)ccn1c2ccc(br)cc2sc2cc(br)ccc21,train,OPV
25,br-2epse::o=p(o)(o)ccn1c2ccc(br)cc2[se]c2cc(br)ccc21,train,OPV
26,br-2pacz::o=p(o)(o)ccn1c2cc(br)ccc2c2ccc(br)cc21,train,OPV
27,meo-2pacz::coc1ccc2c(c1)c1cc(oc)ccc1n2ccp(=o)(o)o,train,OPV
28,2pacz::o=p(o)(o)ccn1c2ccccc2c2ccccc21,train,OPV
29,2pacz::o=p(o)(o)ccn1c2ccccc2c2ccccc21,train,OPV
30,bcbbr-c4pa::op(ccccn1c2=c(c(c=cc=c3)=c3c=c2)c4=c1c=cc(br)=c4)(o)=o,test,OPV
31,bcbbr-c4pa::op(ccccn1c2=c(c(c=cc=c3)=c3c=c2)c4=c1c=cc(br)=c4)(o)=o,test,OPV
32,bcbbr-c4pa::op(ccccn1c2=c(c(c=cc=c3)=c3c=c2)c4=c1c=cc(br)=c4)(o)=o,train,OPV
33,bcbbr-c4pa::op(ccccn1c2=c(c(c=cc=c3)=c3c=c2)c4=c1c=cc(br)=c4)(o)=o,test,OPV
34,cbsa::o=s(=o)(o)c1ccc(cl)cc1,train,OPV
35,cbsa::o=s(=o)(o)c1ccc(cl)cc1,train,OPV
36,cbsa::o=s(=o)(o)c1ccc(cl)cc1,train,OPV
37,cbsa::o=s(=o)(o)c1ccc(cl)cc1,train,OPV
38,cbsa::o=s(=o)(o)c1ccc(cl)cc1,train,OPV
39,cba::o=c(o)c1ccc(cl)cc1,test,OPV
40,fba::o=c(o)c1ccc(f)cc1,train,OPV
41,ba::o=c(o)c1ccccc1,train,OPV
42,cbsc::o=s(=o)(cl)c1ccc(cl)cc1,train,OPV
43,cbsa::o=s(=o)(o)c1ccc(cl)cc1,train,OPV
44,cbsa::o=s(=o)(o)c1ccc(cl)cc1,train,OPV
45,cbsa::o=s(=o)(o)c1ccc(cl)cc1,train,OPV
46,cbsa::o=s(=o)(o)c1ccc(cl)cc1,train,OPV
47,cbsa::o=s(=o)(o)c1ccc(cl)cc1,train,OPV
48,cba::o=c(o)c1ccc(cl)cc1,train,OPV
49,fba::o=c(o)c1ccc(f)cc1,test,OPV
50,ba::o=c(o)c1ccccc1,train,OPV
51,cbsc::o=s(=o)(cl)c1ccc(cl)cc1,train,OPV
52,cbz-2ph::o=p(o)(o)ccccn1c2ccc(-c3ccccc3)cc2c2cc(-c3ccccc3)ccc21,train,OPV
53,cbz-2ph::o=p(o)(o)ccccn1c2ccc(-c3ccccc3)cc2c2cc(-c3ccccc3)ccc21,train,OPV
54,cbz-2ph::o=p(o)(o)ccccn1c2ccc(-c3ccccc3)cc2c2cc(-c3ccccc3)ccc21,train,OPV
55,cbz-2ph::o=p(o)(o)ccccn1c2ccc(-c3ccccc3)cc2c2cc(-c3ccccc3)ccc21,train,OPV
56,cbz-2ph::o=p(o)(o)ccccn1c2ccc(-c3ccccc3)cc2c2cc(-c3ccccc3)ccc21,train,OPV
57,cbz-2ph::o=p(o)(o)ccccn1c2ccc(-c3ccccc3)cc2c2cc(-c3ccccc3)ccc21,train,OPV
58,cbz-2ph::o=p(o)(o)ccccn1c2ccc(-c3ccccc3)cc2c2cc(-c3ccccc3)ccc21,train,OPV
59,cbz-2ph::o=p(o)(o)ccccn1c2ccc(-c3ccccc3)cc2c2cc(-c3ccccc3)ccc21,train,OPV
60,cbz-2ph::o=p(o)(o)ccccn1c2ccc(-c3ccccc3)cc2c2cc(-c3ccccc3)ccc21,train,OPV
61,cbz-2ph::o=p(o)(o)ccccn1c2ccc(-c3ccccc3)cc2c2cc(-c3ccccc3)ccc21,train,OPV
62,4cl-pacz::o=p(o)(o)ccn1c2c(cl)cc(cl)cc2c2cc(cl)cc(cl)c21,train,OPV
63,4cl-pacz::o=p(o)(o)ccn1c2c(cl)cc(cl)cc2c2cc(cl)cc(cl)c21,train,OPV
64,me-4pacz::cc1ccc2c(c1)c1ccc(c)cc1n2ccccp(=o)(o)o,train,OPV
65,2pacz::o=p(o)(o)ccn1c2ccccc2c2ccccc21,train,OPV
66,bnpa::o=p(o)(o)cc1ccccc1,test,OPV
67,f5bnpa::o=p(o)(o)cc1c(f)c(f)c(f)c(f)c1f,test,OPV
68,br-pa::o=p(o)(o)ccn1c2ccc(br)cc2c2cc(br)ccc21,train,OPV
69,cbznaph::o=p(o)(o)ccccn1c2ccc3ccccc3c2c2c3ccccc3ccc21,train,OPV
70,jj25::o=p(o)(o)ccccn1c2cc(br)c3ccccc3c2c2c3ccccc3c(br)cc21,train,OPV
71,jj26::o=p(o)(o)ccccn1c2ccc3cc(br)ccc3c2c2c3ccc(br)cc3ccc21,train,OPV
72,cbznaph::o=p(o)(o)ccccn1c2ccc3ccccc3c2c2c3ccccc3ccc21,train,OPV
73,jj25::o=p(o)(o)ccccn1c2cc(br)c3ccccc3c2c2c3ccccc3c(br)cc21,train,OPV
74,jj26::o=p(o)(o)ccccn1c2ccc3cc(br)ccc3c2c2c3ccc(br)cc3ccc21,train,OPV
75,cbznaph::o=p(o)(o)ccccn1c2ccc3ccccc3c2c2c3ccccc3ccc21,train,OPV
76,jj25::o=p(o)(o)ccccn1c2cc(br)c3ccccc3c2c2c3ccccc3c(br)cc21,train,OPV
77,jj26::o=p(o)(o)ccccn1c2ccc3cc(br)ccc3c2c2c3ccc(br)cc3ccc21,test,OPV
78,me-4pacz::cc1ccc2c(c1)c1ccc(c)cc1n2ccccp(=o)(o)o,test,OPV
79,me-4pacz::cc1ccc2c(c1)c1ccc(c)cc1n2ccccp(=o)(o)o,train,OPV
80,me-4pacz::cc1ccc2c(c1)c1ccc(c)cc1n2ccccp(=o)(o)o,train,OPV
81,me-4pacz::cc1ccc2c(c1)c1ccc(c)cc1n2ccccp(=o)(o)o,train,OPV
82,me-4pacz::cc1ccc2c(c1)c1ccc(c)cc1n2ccccp(=o)(o)o,train,OPV
83,me-4pacz::cc1ccc2c(c1)c1ccc(c)cc1n2ccccp(=o)(o)o,train,OPV
84,me-4pacz::cc1ccc2c(c1)c1ccc(c)cc1n2ccccp(=o)(o)o,train,OPV
85,me-4pacz::cc1ccc2c(c1)c1ccc(c)cc1n2ccccp(=o)(o)o,train,OPV
86,me-4pacz::cc1ccc2c(c1)c1ccc(c)cc1n2ccccp(=o)(o)o,test,OPV
87,me-4pacz::cc1ccc2c(c1)c1ccc(c)cc1n2ccccp(=o)(o)o,train,OPV
88,me-4pacz::cc1ccc2c(c1)c1ccc(c)cc1n2ccccp(=o)(o)o,train,OPV
89,me-4pacz::cc1ccc2c(c1)c1ccc(c)cc1n2ccccp(=o)(o)o,train,OPV
90,br-2epo::o=p(o)(o)ccn1c2ccc(br)cc2oc2cc(br)ccc21,train,OPV
91,br-2ept::o=p(o)(o)ccn1c2ccc(br)cc2sc2cc(br)ccc21,train,OPV
92,br-2epse::o=p(o)(o)ccn1c2ccc(br)cc2[se]c2cc(br)ccc21,train,OPV
93,dcb-bpa::o=p(o)(o)ccccn1c2cc(br)c3ccccc3c2c2c3ccccc3c(br)cc21,train,OPV
94,dcb-bpa::o=p(o)(o)ccccn1c2cc(br)c3ccccc3c2c2c3ccccc3c(br)cc21,train,OPV
95,dcb-bpa::o=p(o)(o)ccccn1c2cc(br)c3ccccc3c2c2c3ccccc3c(br)cc21,train,OPV
96,dcb-bpa::o=p(o)(o)ccccn1c2cc(br)c3ccccc3c2c2c3ccccc3c(br)cc21,train,OPV
97,3cba::o=c(o)c1cc(cl)c(cl)c(cl)c1,test,OPV
98,3cba::o=c(o)c1cc(cl)c(cl)c(cl)c1,train,OPV
99,3cba::o=c(o)c1cc(cl)c(cl)c(cl)c1,train,OPV
100,3cba::o=c(o)c1cc(cl)c(cl)c(cl)c1,train,OPV
101,3cba::o=c(o)c1cc(cl)c(cl)c(cl)c1,train,OPV
102,3cba::o=c(o)c1cc(cl)c(cl)c(cl)c1,train,OPV
103,3cba::o=c(o)c1cc(cl)c(cl)c(cl)c1,train,OPV
104,3cba::o=c(o)c1cc(cl)c(cl)c(cl)c1,train,OPV
105,3cba::o=c(o)c1cc(cl)c(cl)c(cl)c1,train,OPV
106,3cba::o=c(o)c1cc(cl)c(cl)c(cl)c1,train,OPV
107,3cba::o=c(o)c1cc(cl)c(cl)c(cl)c1,train,OPV
108,3cba::o=c(o)c1cc(cl)c(cl)c(cl)c1,train,OPV
109,3cba::o=c(o)c1cc(cl)c(cl)c(cl)c1,train,OPV
110,3cba::o=c(o)c1cc(cl)c(cl)c(cl)c1,train,OPV
111,3cba::o=c(o)c1cc(cl)c(cl)c(cl)c1,train,OPV
112,3cba::o=c(o)c1cc(cl)c(cl)c(cl)c1,train,OPV
113,1br-2pacz::c1=cc2=c(c=c1br)c3=c(n2ccp(=o)(o)o)c=cc=c3,train,OPV
114,2br-2pacz::c1=cc2=c(c=c1br)c3=c(n2ccp(=o)(o)o)c=cc(=c3)br,train,OPV
115,2cl-2pacz::c1=cc2=c(c=c1cl)c3=c(n2ccp(=o)(o)o)c=cc(=c3)cl,train,OPV
116,2pacz::o=p(o)(o)ccn1c2ccccc2c2ccccc21,train,OPV
117,me-4pacz::cc1ccc2c(c1)c1ccc(c)cc1n2ccccp(=o)(o)o,train,OPV
118,4padcb::c1=cc=c2c(=c1)c=cc3=c2c4=c(n3ccccp(=o)(o)o)c=cc5=cc=cc=c54,train,OPV
119,1br-2pacz::c1=cc2=c(c=c1br)c3=c(n2ccp(=o)(o)o)c=cc=c3,train,OPV
120,1br-2pacz::c1=cc2=c(c=c1br)c3=c(n2ccp(=o)(o)o)c=cc=c3,test,OPV
121,1br-2pacz::c1=cc2=c(c=c1br)c3=c(n2ccp(=o)(o)o)c=cc=c3,train,OPV
122,1br-2pacz::c1=cc2=c(c=c1br)c3=c(n2ccp(=o)(o)o)c=cc=c3,train,OPV
123,1br-2pacz::c1=cc2=c(c=c1br)c3=c(n2ccp(=o)(o)o)c=cc=c3,train,OPV
124,2pacz::o=p(o)(o)ccn1c2ccccc2c2ccccc21,train,OPV
125,pph-2pacz::o=p(o)(o)ccn1c2cc(-c3ccc([*])cc3)ccc2c2ccc(-c3ccc([*])cc3)cc21,train,OPV
126,ph-2pacz::o=p(o)(o)ccn1c2cc(-c3ccccc3)ccc2c2ccc(-c3ccccc3)cc21,train,OPV
127,2pacz::o=p(o)(o)ccn1c2ccccc2c2ccccc21,train,OPV
128,pph-2pacz::o=p(o)(o)ccn1c2cc(-c3ccc([*])cc3)ccc2c2ccc(-c3ccc([*])cc3)cc21,train,OPV
129,2pacz::o=p(o)(o)ccn1c2ccccc2c2ccccc21,train,OPV
130,pph-2pacz::o=p(o)(o)ccn1c2cc(-c3ccc([*])cc3)ccc2c2ccc(-c3ccc([*])cc3)cc21,train,OPV
131,t-bu-3pacz::cc(c)(c)c1ccc2c(c1)c1cc(c(c)(c)c)ccc1n2cccp(=o)(o)o,train,OPV
132,ph-3pacz::o=p(o)(o)cccn1c2ccc(-c3ccccc3)cc2c2cc(-c3ccccc3)ccc21,train,OPV
133,bz-3pacz::o=p(o)(o)cccn1c2ccc3ccccc3c2c2c3ccccc3ccc21,train,OPV
134,ph-3pacz::o=p(o)(o)cccn1c2ccc(-c3ccccc3)cc2c2cc(-c3ccccc3)ccc21,train,OPV
135,ph-3pacz::o=p(o)(o)cccn1c2ccc(-c3ccccc3)cc2c2cc(-c3ccccc3)ccc21,train,OPV
136,jj36::o=p(o)(o)ccccn1c2cc(-c3ccccc3)ccc2c2ccc(-c3ccccc3)cc21,train,OPV
137,jj37::o=p(o)(o)c1ccc(-n2c3cc(-c4ccccc4)ccc3c3ccc(-c4ccccc4)cc32)cc1,test,OPV
138,jj36::o=p(o)(o)ccccn1c2cc(-c3ccccc3)ccc2c2ccc(-c3ccccc3)cc21,train,OPV
139,jj37::o=p(o)(o)c1ccc(-n2c3cc(-c4ccccc4)ccc3c3ccc(-c4ccccc4)cc32)cc1,train,OPV
140,jj36::o=p(o)(o)ccccn1c2cc(-c3ccccc3)ccc2c2ccc(-c3ccccc3)cc21,train,OPV
141,jj37::o=p(o)(o)c1ccc(-n2c3cc(-c4ccccc4)ccc3c3ccc(-c4ccccc4)cc32)cc1,train,OPV
142,jj36::o=p(o)(o)ccccn1c2cc(-c3ccccc3)ccc2c2ccc(-c3ccccc3)cc21,train,OPV
143,jj37::o=p(o)(o)c1ccc(-n2c3cc(-c4ccccc4)ccc3c3ccc(-c4ccccc4)cc32)cc1,train,OPV
144,jj37::o=p(o)(o)c1ccc(-n2c3cc(-c4ccccc4)ccc3c3ccc(-c4ccccc4)cc32)cc1,train,OPV
145,2pacz::o=p(o)(o)ccn1c2ccccc2c2ccccc21,train,OPV
146,2pacz::o=p(o)(o)ccn1c2ccccc2c2ccccc21,train,OPV
147,2pacz::o=p(o)(o)ccn1c2ccccc2c2ccccc21,train,OPV
148,ph-4pacz::c1=cc=c(c=c1)c2=cc3=c(c=c2)n(c4=c3c=c(c=c4)c5=cc=cc=c5)ccccp(=o)(o)o,train,OPV
149,ph-4pacz::c1=cc=c(c=c1)c2=cc3=c(c=c2)n(c4=c3c=c(c=c4)c5=cc=cc=c5)ccccp(=o)(o)o,train,OPV
150,ph-4pacz::c1=cc=c(c=c1)c2=cc3=c(c=c2)n(c4=c3c=c(c=c4)c5=cc=cc=c5)ccccp(=o)(o)o,train,OPV
151,ph-4pacz::c1=cc=c(c=c1)c2=cc3=c(c=c2)n(c4=c3c=c(c=c4)c5=cc=cc=c5)ccccp(=o)(o)o,train,OPV
152,ph-4pacz::c1=cc=c(c=c1)c2=cc3=c(c=c2)n(c4=c3c=c(c=c4)c5=cc=cc=c5)ccccp(=o)(o)o,train,OPV
153,ph-4pacz::c1=cc=c(c=c1)c2=cc3=c(c=c2)n(c4=c3c=c(c=c4)c5=cc=cc=c5)ccccp(=o)(o)o,train,OPV
154,4padcb::c1=cc=c2c(=c1)c=cc3=c2c4=c(n3ccccp(=o)(o)o)c=cc5=cc=cc=c54,train,OPV
155,4padcb::c1=cc=c2c(=c1)c=cc3=c2c4=c(n3ccccp(=o)(o)o)c=cc5=cc=cc=c54,train,OPV
156,br-2pacz::c1=cc2=c(c=c1br)c3=c(n2ccp(=o)(o)o)c=cc(=c3)br,train,OPV
157,br-2pacz::c1=cc2=c(c=c1br)c3=c(n2ccp(=o)(o)o)c=cc(=c3)br,train,OPV
158,cbsa::o=s(=o)(o)c1ccc(cl)cc1,train,OPV
159,cbsa::o=s(=o)(o)c1ccc(cl)cc1,train,OPV
160,cbsa::o=s(=o)(o)c1ccc(cl)cc1,train,OPV
161,cbsa::o=s(=o)(o)c1ccc(cl)cc1,train,OPV
162,cbsa::o=s(=o)(o)c1ccc(cl)cc1,train,OPV
163,cba::o=c(o)c1ccc(cl)cc1,train,OPV
164,fba::o=c(o)c1ccc(f)cc1,train,OPV
165,ba::o=c(o)c1ccccc1,train,OPV
166,cbsc::o=s(=o)(cl)c1ccc(cl)cc1,train,OPV
167,cbsa::o=s(=o)(o)c1ccc(cl)cc1,train,OPV
168,cbsa::o=s(=o)(o)c1ccc(cl)cc1,test,OPV
169,cbsa::o=s(=o)(o)c1ccc(cl)cc1,train,OPV
170,cbsa::o=s(=o)(o)c1ccc(cl)cc1,train,OPV
171,cbsa::o=s(=o)(o)c1ccc(cl)cc1,train,OPV
172,cba::o=c(o)c1ccc(cl)cc1,train,OPV
173,fba::o=c(o)c1ccc(f)cc1,train,OPV
174,ba::o=c(o)c1ccccc1,test,OPV
175,cbsc::o=s(=o)(cl)c1ccc(cl)cc1,train,OPV
176,2pacz::o=p(o)(o)ccn1c2ccccc2c2ccccc21,train,OPV
177,2pacz::o=p(o)(o)ccn1c2ccccc2c2ccccc21,train,OPV
178,2pacz::o=p(o)(o)ccn1c2ccccc2c2ccccc21,train,OPV
179,2pacz::o=p(o)(o)ccn1c2ccccc2c2ccccc21,train,OPV
180,2pacz::o=p(o)(o)ccn1c2ccccc2c2ccccc21,train,OPV
181,2pacz::o=p(o)(o)ccn1c2ccccc2c2ccccc21,train,OPV
182,2pacz::o=p(o)(o)ccn1c2ccccc2c2ccccc21,train,OPV
183,cl-2pacz::clc1=cc2=c(n(ccp(o)(o)=o)c3=c2c=c(cl)c=c3)c=c1,train,OPV
184,cl-2pacz::clc1=cc2=c(n(ccp(o)(o)=o)c3=c2c=c(cl)c=c3)c=c1,train,OPV
185,cl-2pacz::clc1=cc2=c(n(ccp(o)(o)=o)c3=c2c=c(cl)c=c3)c=c1,train,OPV
186,br-2pacz::brc1=cc2=c(n(ccp(o)(o)=o)c3=c2c=c(br)c=c3)c=c1,train,OPV
187,br-2pacz::brc1=cc2=c(n(ccp(o)(o)=o)c3=c2c=c(br)c=c3)c=c1,train,OPV
188,br-2pacz::brc1=cc2=c(n(ccp(o)(o)=o)c3=c2c=c(br)c=c3)c=c1,train,OPV
189,me-4pacz::cc1ccc2c(c1)c1ccc(c)cc1n2ccccp(=o)(o)o,train,OPV
190,me-4pacz::cc1ccc2c(c1)c1ccc(c)cc1n2ccccp(=o)(o)o,train,OPV
191,me-4pacz::cc1ccc2c(c1)c1ccc(c)cc1n2ccccp(=o)(o)o,train,OPV
192,2pacz::o=p(o)(o)ccn1c2ccccc2c2ccccc21,train,OPV
193,2pacz::o=p(o)(o)ccn1c2ccccc2c2ccccc21,train,OPV
194,2pacz::o=p(o)(o)ccn1c2ccccc2c2ccccc21,train,OPV
195,cl-2pacz::clc1=cc2=c(n(ccp(o)(o)=o)c3=c2c=c(cl)c=c3)c=c1,train,OPV
196,cl-2pacz::clc1=cc2=c(n(ccp(o)(o)=o)c3=c2c=c(cl)c=c3)c=c1,train,OPV
197,cl-2pacz::clc1=cc2=c(n(ccp(o)(o)=o)c3=c2c=c(cl)c=c3)c=c1,train,OPV
198,br-2pacz::brc1=cc2=c(n(ccp(o)(o)=o)c3=c2c=c(br)c=c3)c=c1,train,OPV
199,br-2pacz::brc1=cc2=c(n(ccp(o)(o)=o)c3=c2c=c(br)c=c3)c=c1,test,OPV
200,br-2pacz::brc1=cc2=c(n(ccp(o)(o)=o)c3=c2c=c(br)c=c3)c=c1,train,OPV
201,me-4pacz::cc1ccc2c(c1)c1ccc(c)cc1n2ccccp(=o)(o)o,train,OPV
202,me-4pacz::cc1ccc2c(c1)c1ccc(c)cc1n2ccccp(=o)(o)o,train,OPV
203,me-4pacz::cc1ccc2c(c1)c1ccc(c)cc1n2ccccp(=o)(o)o,train,OPV
204,2pacz::o=p(o)(o)ccn1c2ccccc2c2ccccc21,train,OPV
205,2pacz::o=p(o)(o)ccn1c2ccccc2c2ccccc21,train,OPV
206,2pacz::o=p(o)(o)ccn1c2ccccc2c2ccccc21,train,OPV
207,2pacz::o=p(o)(o)ccn1c2ccccc2c2ccccc21,train,OPV
208,2pacz::o=p(o)(o)ccn1c2ccccc2c2ccccc21,train,OPV
209,2pathcz::o=p(o)(o)ccn1c2cc(-c3ccsc3)ccc2c2ccc(-c3ccsc3)cc21,train,OPV
210,2pathcz::o=p(o)(o)ccn1c2cc(-c3ccsc3)ccc2c2ccc(-c3ccsc3)cc21,train,OPV
211,4pathcz::o=p(o)(o)ccccn1c2cc(-c3ccsc3)ccc2c2ccc(-c3ccsc3)cc21,test,OPV
212,4pathcz::o=p(o)(o)ccccn1c2cc(-c3ccsc3)ccc2c2ccc(-c3ccsc3)cc21,train,OPV
213,2pacz::o=p(o)(o)ccn1c2ccccc2c2ccccc21,train,OPV
214,2cl-2pacz::o=p(o)(o)ccn1c2ccc(cl)cc2c2cc(cl)ccc21,train,OPV
215,2cl-3pacz::o=p(o)(o)cccn1c2ccc(cl)cc2c2cc(cl)ccc21,test,OPV
216,2cl-4pacz::o=p(o)(o)ccccn1c2ccc(cl)cc2c2cc(cl)ccc21,train,OPV
217,2cl-5pacz::o=p(o)(o)cccccn1c2ccc(cl)cc2c2cc(cl)ccc21,train,OPV
218,2cl-2pacz::o=p(o)(o)ccn1c2ccc(cl)cc2c2cc(cl)ccc21,test,OPV
219,2cl-3pacz::o=p(o)(o)cccn1c2ccc(cl)cc2c2cc(cl)ccc21,train,OPV
220,2cl-4pacz::o=p(o)(o)ccccn1c2ccc(cl)cc2c2cc(cl)ccc21,train,OPV
221,2cl-5pacz::o=p(o)(o)cccccn1c2ccc(cl)cc2c2cc(cl)ccc21,train,OPV
222,2cl-2pacz::o=p(o)(o)ccn1c2ccc(cl)cc2c2cc(cl)ccc21,train,OPV
223,2cl-3pacz::o=p(o)(o)cccn1c2ccc(cl)cc2c2cc(cl)ccc21,train,OPV
224,2cl-4pacz::o=p(o)(o)ccccn1c2ccc(cl)cc2c2cc(cl)ccc21,train,OPV
225,2cl-5pacz::o=p(o)(o)cccccn1c2ccc(cl)cc2c2cc(cl)ccc21,train,OPV
226,f-2pacz::o=p(o)(o)ccn1c2cc(f)ccc2c2ccc(f)cc21,train,OPV
227,cl-2pacz::o=p(o)(o)ccn1c2cc(cl)ccc2c2ccc(cl)cc21,train,OPV
228,br-2pacz::o=p(o)(o)ccn1c2cc(br)ccc2c2ccc(br)cc21,train,OPV
229,i-2pacz::o=p(o)(o)ccn1c2cc(i)ccc2c2ccc(i)cc21,train,OPV
230,cl-2pacz::o=p(o)(o)ccn1c2cc(cl)ccc2c2ccc(cl)cc21,train,OPV
231,cl-2pacz::o=p(o)(o)ccn1c2cc(cl)ccc2c2ccc(cl)cc21,test,OPV
232,cl-2pacz::o=p(o)(o)ccn1c2cc(cl)ccc2c2ccc(cl)cc21,train,OPV
233,"3,6-cl-2pacz::o=p(o)(o)ccn1c2ccc(cl)cc2c2cc(cl)ccc21",train,OPV
234,"4,5-cl-2pacz::o=p(o)(o)ccn1c2cccc(cl)c2c2c(cl)cccc21",test,OPV
235,"4,5-cl-2pacz::o=p(o)(o)ccn1c2cccc(cl)c2c2c(cl)cccc21",test,OPV
236,4padcb::c1=cc=c2c(=c1)c=cc3=c2c4=c(n3ccccp(=o)(o)o)c=cc5=cc=cc=c54,train,OPV
237,2pacz::o=p(o)(o)ccn1c2ccccc2c2ccccc21,train,OPV
238,br-2pacz::o=p(o)(o)ccn1c2ccc(br)cc2c2cc(br)ccc21,train,OPV
239,me-4pacz::cc1ccc2c(c1)c1ccc(c)cc1n2ccccp(=o)(o)o,train,OPV
240,2pacz::o=p(o)(o)ccn1c2ccccc2c2ccccc21,train,OPV
241,2pacz::o=p(o)(o)ccn1c2ccccc2c2ccccc21,train,OPV
242,2pacz::o=p(o)(o)ccn1c2ccccc2c2ccccc21,train,OPV
243,2pacz::o=p(o)(o)ccn1c2ccccc2c2ccccc21,train,OPV
244,2pacz::o=p(o)(o)ccn1c2ccccc2c2ccccc21,train,OPV
245,2pacz::o=p(o)(o)ccn1c2ccccc2c2ccccc21,train,OPV
246,4pa-sacf::o=p(o)(o)ccccn1c2ccccc2c2(c3ccccc3-c3ccccc32)c2ccccc21,train,OPV
247,4pa-dmac::cc1(c)c2ccccc2n(ccccp(=o)(o)o)c2ccccc21,test,OPV
248,4pa-sacf::o=p(o)(o)ccccn1c2ccccc2c2(c3ccccc3-c3ccccc32)c2ccccc21,train,OPV
249,4pa-sacf::o=p(o)(o)ccccn1c2ccccc2c2(c3ccccc3-c3ccccc32)c2ccccc21,train,OPV
250,4pa-sacf::o=p(o)(o)ccccn1c2ccccc2c2(c3ccccc3-c3ccccc32)c2ccccc21,train,OPV
251,4pa-sacf::o=p(o)(o)ccccn1c2ccccc2c2(c3ccccc3-c3ccccc32)c2ccccc21,train,OPV
252,4pa-sacf::o=p(o)(o)ccccn1c2ccccc2c2(c3ccccc3-c3ccccc32)c2ccccc21,train,OPV
253,brcz::o=p(o)(o)ccccn1c2ccccc2c2ccc(br)cc21,train,OPV
254,brbacz::o=p(o)(o)ccccn1c2ccc(br)cc2c2ccc3ccccc3c21,train,OPV
255,brbacz::o=p(o)(o)ccccn1c2ccc(br)cc2c2ccc3ccccc3c21,train,OPV
256,brbacz::o=p(o)(o)ccccn1c2ccc(br)cc2c2ccc3ccccc3c21,train,OPV
257,brbacz::o=p(o)(o)ccccn1c2ccc(br)cc2c2ccc3ccccc3c21,train,OPV
258,cbznaph::op(ccccn1c2=c(c3=c1c=cc4=cc=cc=c34)c5=cc=cc=c5c=c2)(o)=o,train,OPV
259,jj25::op(o)(=o)ccccn1c2=c(c3=cc=cc=c3c(br)=c2)c2=c1c=c(br)c1=cc=cc=c12,train,OPV
260,jj26::brc1=cc=c2c3=c(n(ccccp(o)(o)=o)c4=c3c5=cc=c(br)c=c5c=c4)c=cc2=c1,test,OPV
261,cbznaph::op(ccccn1c2=c(c3=c1c=cc4=cc=cc=c34)c5=cc=cc=c5c=c2)(o)=o,train,OPV
262,jj25::op(o)(=o)ccccn1c2=c(c3=cc=cc=c3c(br)=c2)c2=c1c=c(br)c1=cc=cc=c12,train,OPV
263,jj26::brc1=cc=c2c3=c(n(ccccp(o)(o)=o)c4=c3c5=cc=c(br)c=c5c=c4)c=cc2=c1,train,OPV
264,cbznaph::op(ccccn1c2=c(c3=c1c=cc4=cc=cc=c34)c5=cc=cc=c5c=c2)(o)=o,train,OPV
265,jj25::op(o)(=o)ccccn1c2=c(c3=cc=cc=c3c(br)=c2)c2=c1c=c(br)c1=cc=cc=c12,train,OPV
266,jj26::brc1=cc=c2c3=c(n(ccccp(o)(o)=o)c4=c3c5=cc=c(br)c=c5c=c4)c=cc2=c1,train,OPV
267,2pacz::o=p(o)(o)ccn1c2ccccc2c2ccccc21,train,OPV
268,2pacz/hpwo::o=p(o)(o)ccn1c2ccccc2c2ccccc21,train,OPV
269,jj32::o=p(o)(o)ccccn1c2ccccc2sc2nc3ccccc3nc21,train,OPV
270,jj32/hpwo::o=p(o)(o)ccccn1c2ccccc2sc2nc3ccccc3nc21,train,OPV
271,jj32/hpwo (0.1 mg/ml hpwo)::o=p(o)(o)ccccn1c2ccccc2sc2nc3ccccc3nc21,train,OPV
272,jj32/hpwo (0.2 mg/ml hpwo)::o=p(o)(o)ccccn1c2ccccc2sc2nc3ccccc3nc21,train,OPV
273,jj32/hpwo (0.5 mg/ml hpwo)::o=p(o)(o)ccccn1c2ccccc2sc2nc3ccccc3nc21,train,OPV
274,jj32/hpwo (1.0 mg/ml hpwo)::o=p(o)(o)ccccn1c2ccccc2sc2nc3ccccc3nc21,train,OPV
275,m-phacz::o=p(o)(o)c1cccc(-n2c3ccccc3c3ccccc32)c1,train,OPV
276,p-phacz::o=p(o)(o)c1ccc(-n2c3ccccc3c3ccccc32)cc1,train,OPV
277,p-dpapcz::o=p(o)(o)c1ccc(n(c2ccccc2)c2ccccc2)cc1,train,OPV
278,br-2pacz::c1=cc2=c(c=c1br)c3=c(n2ccp(=o)(o)o)c=cc(=c3)br,train,OPV
279,meo-2pacz::coc1=cc2=c(c=c1)n(c3=c2c=c(c=c3)oc)ccp(=o)(o)o,train,OPV
280,2pacz::o=p(o)(o)ccn1c2ccccc2c2ccccc21,train,OPV
281,2pacz::o=p(o)(o)ccn1c2ccccc2c2ccccc21,train,OPV
282,br-2pacz::o=p(o)(o)ccn1c2ccc(br)cc2c2ccc(br)cc21,train,OPV
283,br-2pacz::o=p(o)(o)ccn1c2ccc(br)cc2c2ccc(br)cc21,train,OPV
284,meo-2pacz::coc1ccc2c(c1)c1ccc(oc)cc1n2ccp(=o)(o)o,train,OPV
285,meo-2pacz::coc1ccc2c(c1)c1ccc(oc)cc1n2ccp(=o)(o)o,train,OPV
286,me-4pacz::cc1ccc2c(c1)c1ccc(c)cc1n2ccccp(=o)(o)o,train,OPV
287,me-4pacz::cc1ccc2c(c1)c1ccc(c)cc1n2ccccp(=o)(o)o,train,OPV
288,27-4p-pani::[*]c1ccc2c(c1)n(ccccp(=o)(o)o)c1ccc(nc3c(c)cc(c)c(n[*])c3)cc12,train,OPV
289,36-4p-pani::[*]c1cc2c(cc1)n(ccccp(=o)(o)o)c1cc(nc3c(c)cc(c)c(n[*])c3)ccc12,train,OPV
290,36-2p-pani::[*]c1cc2c(cc1)n(ccp(=o)(o)o)c1cc(nc3c(c)cc(c)c(n[*])c3)ccc12,test,OPV
291,36-ph-pani::[*]c1cc2c(cc1)n(c1ccc(p(=o)(o)o)cc1)c1cc(nc3c(c)cc(c)c(n[*])c3)ccc12,train,OPV
292,2pacz::o=p(o)(o)ccn1c2ccccc2c2ccccc21,train,OPV
293,cbznaph::o=p(o)(o)ccccn1c2ccc3ccccc3c2c2c3ccccc3ccc21,train,OPV
294,cbz-2ph::o=p(o)(o)ccccn1c2ccc(-c3ccccc3)cc2c2cc(-c3ccccc3)ccc21,test,OPV
295,cbz-2ph::o=p(o)(o)ccccn1c2ccc(-c3ccccc3)cc2c2cc(-c3ccccc3)ccc21,train,OPV
296,cbz-2ph::o=p(o)(o)ccccn1c2ccc(-c3ccccc3)cc2c2cc(-c3ccccc3)ccc21,test,OPV
297,p3ht-cooh::[*]c1cc(ccccccc(=o)o)sc1[*],train,OPV
298,p3ht-cooh::[*]c1cc(ccccccc(=o)o)sc1[*],train,OPV
299,me-4pacz::cc1ccc2c(c1)c1ccc(c)cc1n2ccccp(=o)(o)o,train,OPV
300,2pacz::o=p(o)(o)ccn1c2ccccc2c2ccccc21,test,OPV
301,2pacz::o=p(o)(o)ccn1c2ccccc2c2ccccc21,train,OPV
302,2pacz::o=p(o)(o)ccn1c2ccccc2c2ccccc21,train,OPV
303,2pacz::o=p(o)(o)ccn1c2ccccc2c2ccccc21,train,OPV
304,2pacz::o=p(o)(o)ccn1c2ccccc2c2ccccc21,train,OPV
305,2pacz::o=p(o)(o)ccn1c2ccccc2c2ccccc21,train,OPV
306,bnpa::o=p(o)(o)cc1ccccc1,train,OPV
307,f5bnpa::o=p(o)(o)cc1c(f)c(f)c(f)c(f)c1f,train,OPV
308,bnpa::o=p(o)(o)cc1ccccc1,train,OPV
309,f5bnpa::o=p(o)(o)cc1c(f)c(f)c(f)c(f)c1f,train,OPV
310,2pacz-d1::o=p(o)(o)ccn1c2ccccc2c2cc3c(cc21)c1ccccc1n3ccp(=o)(o)o,train,OPV
311,2pacz-d1/pedot:pss::o=p(o)(o)ccn1c2ccccc2c2cc3c(cc21)c1ccccc1n3ccp(=o)(o)o,train,OPV
312,2pacz-d2::ccn1c2ccccc2c2ccc3c4ccccc4n(ccp(=o)(o)o)c3c21,train,OPV
313,2pacz-d2/pedot:pss::ccn1c2ccccc2c2ccc3c4ccccc4n(ccp(=o)(o)o)c3c21,train,OPV
314,2pacz::o=p(o)(o)ccn1c2ccccc2c2ccccc21,train,OPV
315,2pacz::o=p(o)(o)ccn1c2ccccc2c2ccccc21,train,OPV
316,2pacz::o=p(o)(o)ccn1c2ccccc2c2ccccc21,train,OPV
317,2pacz::o=p(o)(o)ccn1c2ccccc2c2ccccc21,train,OPV
318,2pacz::o=p(o)(o)ccn1c2ccccc2c2ccccc21,train,OPV
319,2pacz::o=p(o)(o)ccn1c2ccccc2c2ccccc21,train,OPV
320,2pacz::o=p(o)(o)ccn1c2ccccc2c2ccccc21,train,OPV
321,2pacz::o=p(o)(o)ccn1c2ccccc2c2ccccc21,train,OPV
322,poly-2pacz::[*]c1cc2c(cc1)n(ccp(=o)(o)o)c1ccc([*])cc12,train,OPV
323,poly-2pacz::[*]c1cc2c(cc1)n(ccp(=o)(o)o)c1ccc([*])cc12,train,OPV
324,poly-2pacz::[*]c1cc2c(cc1)n(ccp(=o)(o)o)c1ccc([*])cc12,train,OPV
325,poly-2pacz::[*]c1cc2c(cc1)n(ccp(=o)(o)o)c1ccc([*])cc12,train,OPV
326,poly-2pacz::[*]c1cc2c(cc1)n(ccp(=o)(o)o)c1ccc([*])cc12,train,OPV
327,poly-2pacz::[*]c1cc2c(cc1)n(ccp(=o)(o)o)c1ccc([*])cc12,train,OPV
328,poly-2pacz::[*]c1cc2c(cc1)n(ccp(=o)(o)o)c1ccc([*])cc12,test,OPV
329,poly-2pacz::[*]c1cc2c(cc1)n(ccp(=o)(o)o)c1ccc([*])cc12,train,OPV
330,3dbcp::o=p(o)(o)cccn1c2cc3ccccc3cc2c2cc3ccccc3cc21,train,OPV
331,3bcp::o=p(o)(o)cccn1c2ccccc2c2cc3ccccc3cc21,train,OPV
332,4bcp::o=p(o)(o)ccccn1c2ccccc2c2cc3ccccc3cc21,train,OPV
333,4dbcp::o=p(o)(o)ccccn1c2cc3ccccc3cc2c2cc3ccccc3cc21,train,OPV
334,4bcp::o=p(o)(o)ccccn1c2ccccc2c2cc3ccccc3cc21,train,OPV
335,4bcp::o=p(o)(o)ccccn1c2ccccc2c2cc3ccccc3cc21,train,OPV
336,4bcp::o=p(o)(o)ccccn1c2ccccc2c2cc3ccccc3cc21,train,OPV
337,4bcp::o=p(o)(o)ccccn1c2ccccc2c2cc3ccccc3cc21,train,OPV
338,4cl-pacz::o=p(o)(o)ccn1c2c(cl)cc(cl)cc2c2cc(cl)cc(cl)c21,train,OPV
339,4cl-pacz::o=p(o)(o)ccn1c2c(cl)cc(cl)cc2c2cc(cl)cc(cl)c21,train,OPV
340,1cl-pacz::o=p(o)(o)ccn1c2ccccc2c2cc(cl)ccc21,train,OPV
341,2pacz::o=p(o)(o)ccn1c2ccccc2c2ccccc21,train,OPV
342,pcl-ph::o=p(o)(o)ccccn1c2cc(-c3ccc(cl)cc3)ccc2c2ccc(-c3ccc(cl)cc3)cc21,train,OPV
343,pcl-ph::o=p(o)(o)ccccn1c2cc(-c3ccc(cl)cc3)ccc2c2ccc(-c3ccc(cl)cc3)cc21,train,OPV
344,pcl-ph::o=p(o)(o)ccccn1c2cc(-c3ccc(cl)cc3)ccc2c2ccc(-c3ccc(cl)cc3)cc21,train,OPV
345,pcl-ph::o=p(o)(o)ccccn1c2cc(-c3ccc(cl)cc3)ccc2c2ccc(-c3ccc(cl)cc3)cc21,train,OPV
346,mcl-ph::o=p(o)(o)ccccn1c2cc(-c3cccc(cl)c3)ccc2c2ccc(-c3cccc(cl)c3)cc21,train,OPV
347,mcl-ph::o=p(o)(o)ccccn1c2cc(-c3cccc(cl)c3)ccc2c2ccc(-c3cccc(cl)c3)cc21,train,OPV
348,mcl-ph::o=p(o)(o)ccccn1c2cc(-c3cccc(cl)c3)ccc2c2ccc(-c3cccc(cl)c3)cc21,train,OPV
349,mcl-ph::o=p(o)(o)ccccn1c2cc(-c3cccc(cl)c3)ccc2c2ccc(-c3cccc(cl)c3)cc21,train,OPV
350,pcl-ph::o=p(o)(o)ccccn1c2cc(-c3ccc(cl)cc3)ccc2c2ccc(-c3ccc(cl)cc3)cc21,train,OPV
351,pcl-ph::o=p(o)(o)ccccn1c2cc(-c3ccc(cl)cc3)ccc2c2ccc(-c3ccc(cl)cc3)cc21,train,OPV
352,mcl-ph::o=p(o)(o)ccccn1c2cc(-c3cccc(cl)c3)ccc2c2ccc(-c3cccc(cl)c3)cc21,test,OPV
353,mcl-ph::o=p(o)(o)ccccn1c2cc(-c3cccc(cl)c3)ccc2c2ccc(-c3cccc(cl)c3)cc21,train,OPV
354,pcl-ph::o=p(o)(o)ccccn1c2cc(-c3ccc(cl)cc3)ccc2c2ccc(-c3ccc(cl)cc3)cc21,train,OPV
355,mcl-ph::o=p(o)(o)ccccn1c2cc(-c3cccc(cl)c3)ccc2c2ccc(-c3cccc(cl)c3)cc21,train,OPV
356,pcl-ph::o=p(o)(o)ccccn1c2cc(-c3ccc(cl)cc3)ccc2c2ccc(-c3ccc(cl)cc3)cc21,test,OPV
357,mcl-ph::o=p(o)(o)ccccn1c2cc(-c3cccc(cl)c3)ccc2c2ccc(-c3cccc(cl)c3)cc21,train,OPV
358,n1-pacz::o=p(o)(o)ccccn1c2cc(-c3cccc4ccccc34)ccc2c2ccc(-c3cccc4ccccc34)cc21,train,OPV
359,n2-pacz::o=p(o)(o)ccccn1c2cc(-c3ccc4ccccc4c3)ccc2c2ccc(-c3ccc4ccccc4c3)cc21,train,OPV
360,thbr-4pacz::o=p(o)(o)ccccn1c2ccccc2c2ccc(-c3csc(br)c3)cc21,train,OPV
361,4pacz::o=p(o)(o)ccccn1c2ccccc2c2ccccc21,test,OPV
362,br-2pacz_ipa-rinsed::o=p(o)(o)ccn1c2cc(br)ccc2c2ccc(br)cc21,train,OPV
363,br-2pacz::o=p(o)(o)ccn1c2cc(br)ccc2c2ccc(br)cc21,train,OPV
364,br-2pacz_meoh-rinsed::o=p(o)(o)ccn1c2cc(br)ccc2c2ccc(br)cc21,train,OPV
365,br-2pacz_hpwo::o=p(o)(o)ccn1c2cc(br)ccc2c2ccc(br)cc21,test,OPV
366,br-2pacz_hpwo::o=p(o)(o)ccn1c2cc(br)ccc2c2ccc(br)cc21,train,OPV
367,br-2pacz_hpwo::o=p(o)(o)ccn1c2cc(br)ccc2c2ccc(br)cc21,test,OPV
368,br-2pacz_hpwo::o=p(o)(o)ccn1c2cc(br)ccc2c2ccc(br)cc21,train,OPV
369,br-2pacz_hpwo::o=p(o)(o)ccn1c2cc(br)ccc2c2ccc(br)cc21,train,OPV
370,br-2pacz::o=p(o)(o)ccn1c2cc(br)ccc2c2ccc(br)cc21,train,OPV
371,br-2pacz_hpwo::o=p(o)(o)ccn1c2cc(br)ccc2c2ccc(br)cc21,train,OPV
372,br-2pacz::o=p(o)(o)ccn1c2cc(br)ccc2c2ccc(br)cc21,train,OPV
373,br-2pacz_hpwo::o=p(o)(o)ccn1c2cc(br)ccc2c2ccc(br)cc21,train,OPV
374,bpc-m::o=p(o)(o)ccn1c2cc(-c3ccc(c)cc3)ccc2c2ccc(-c3ccc(c)cc3)cc21,train,OPV
375,bpc-m::o=p(o)(o)ccn1c2cc(-c3ccc(c)cc3)ccc2c2ccc(-c3ccc(c)cc3)cc21,train,OPV
376,bpc-ph::o=p(o)(o)ccn1c2cc(-c3ccccc3)ccc2c2ccc(-c3ccccc3)cc21,train,OPV
377,bpc-ph::o=p(o)(o)ccn1c2cc(-c3ccccc3)ccc2c2ccc(-c3ccccc3)cc21,train,OPV
378,bpc-f::o=p(o)(o)ccn1c2cc(-c3ccc(f)cc3)ccc2c2ccc(-c3ccc(f)cc3)cc21,train,OPV
379,bpc-f::o=p(o)(o)ccn1c2cc(-c3ccc(f)cc3)ccc2c2ccc(-c3ccc(f)cc3)cc21,train,OPV
380,bpc-m::o=p(o)(o)ccn1c2cc(-c3ccc(c)cc3)ccc2c2ccc(-c3ccc(c)cc3)cc21,test,OPV
381,bpc-m::o=p(o)(o)ccn1c2cc(-c3ccc(c)cc3)ccc2c2ccc(-c3ccc(c)cc3)cc21,test,OPV
382,bpc-m::o=p(o)(o)ccn1c2cc(-c3ccc(c)cc3)ccc2c2ccc(-c3ccc(c)cc3)cc21,train,OPV
383,dm-bzcz::coc1cc(oc)cc(-c2ccc3c(c2)c2c4ccccc4ccc2n3ccp(=o)(o)o)c1,test,OPV
384,bzcz::o=p(o)(o)ccn1c2ccccc2c2c3ccccc3ccc21,train,OPV
385,dm-bzcz::coc1cc(oc)cc(-c2ccc3c(c2)c2c4ccccc4ccc2n3ccp(=o)(o)o)c1,train,OPV
386,dm-bzcz::coc1cc(oc)cc(-c2ccc3c(c2)c2c4ccccc4ccc2n3ccp(=o)(o)o)c1,train,OPV
387,dm-bzcz::coc1cc(oc)cc(-c2ccc3c(c2)c2c4ccccc4ccc2n3ccp(=o)(o)o)c1,train,OPV
388,ph-diacz::o=p(o)(o)cccn1c2ccccc2c2ccc3c4ccccc4n(-c4ccccc4)c3c21,train,OPV
389,ph-dibcz::o=p(o)(o)cccn1c2ccccc2c2cc3c4ccccc4n(-c4ccccc4)c3cc21,train,OPV
390,ph-diacz::o=p(o)(o)cccn1c2ccccc2c2ccc3c4ccccc4n(-c4ccccc4)c3c21,train,OPV
391,ph-dibcz::o=p(o)(o)cccn1c2ccccc2c2cc3c4ccccc4n(-c4ccccc4)c3cc21,train,OPV
392,ph-diacz::o=p(o)(o)cccn1c2ccccc2c2ccc3c4ccccc4n(-c4ccccc4)c3c21,train,OPV
393,ph-dibcz::o=p(o)(o)cccn1c2ccccc2c2cc3c4ccccc4n(-c4ccccc4)c3cc21,train,OPV
394,meo-2pacz::coc1ccc2c3ccc(oc)cc3n(ccp(=o)(o)o)c2c1,test,OPV
395,brpzpa::o=p(o)(o)ccccn1c2cc(br)ccc2sc2ccc(br)cc21,train,OPV
396,pzpa::o=p(o)(o)ccccn1c2ccccc2sc2ccccc21,train,OPV
397,meo-2pacz::coc1ccc2c3ccc(oc)cc3n(ccp(=o)(o)o)c2c1,train,OPV
398,brpzpa::o=p(o)(o)ccccn1c2cc(br)ccc2sc2ccc(br)cc21,train,OPV
399,pzpa::o=p(o)(o)ccccn1c2ccccc2sc2ccccc21,train,OPV
400,2pacz::o=p(o)(o)ccn1c2ccccc2c2ccccc21,train,OPV
401,2pacz::o=p(o)(o)ccn1c2ccccc2c2ccccc21,train,OPV
402,2pacz::o=p(o)(o)ccn1c2ccccc2c2ccccc21,train,OPV
403,2pacz::o=p(o)(o)ccn1c2ccccc2c2ccccc21,train,OPV
404,2pacz::o=p(o)(o)ccn1c2ccccc2c2ccccc21,train,OPV
405,2pacz::o=p(o)(o)ccn1c2ccccc2c2ccccc21,train,OPV
406,me-4pacz::cc1ccc2c(c1)c1ccc(c)cc1n2ccccp(=o)(o)o,train,OPV
407,me-4pacz::cc1ccc2c(c1)c1ccc(c)cc1n2ccccp(=o)(o)o,train,OPV
408,2pacz::o=p(o)(o)ccn1c2ccccc2c2ccccc21,train,OPV
409,br-2pacz::o=p(o)(o)ccn1c2ccc(br)cc2c2cc(br)ccc21,train,OPV
410,mua::o=c(o)ccccccccccs,train,OPV
411,la::cccccccccccc(=o)o,train,OPV
412,pftda::o=c(o)c(f)(f)c(f)(f)c(f)(f)c(f)(f)c(f)(f)c(f)(f)c(f)(f)c(f)(f)c(f)(f)c(f)(f)c(f)(f)c(f)(f)c(f)(f)f,train,OPV
413,mua::o=c(o)ccccccccccs,train,OPV
414,la::cccccccccccc(=o)o,train,OPV
415,pftda::o=c(o)c(f)(f)c(f)(f)c(f)(f)c(f)(f)c(f)(f)c(f)(f)c(f)(f)c(f)(f)c(f)(f)c(f)(f)c(f)(f)c(f)(f)c(f)(f)f,train,OPV
416,mua::o=c(o)ccccccccccs,train,OPV
417,la::cccccccccccc(=o)o,train,OPV
418,pftda::o=c(o)c(f)(f)c(f)(f)c(f)(f)c(f)(f)c(f)(f)c(f)(f)c(f)(f)c(f)(f)c(f)(f)c(f)(f)c(f)(f)c(f)(f)c(f)(f)f,train,OPV
419,2pacz::o=p(o)(o)ccn1c2ccccc2c2ccccc21,train,OPV
420,2pacz::o=p(o)(o)ccn1c2ccccc2c2ccccc21,train,OPV
421,2pacz::o=p(o)(o)ccn1c2ccccc2c2ccccc21,train,OPV
422,2pacz::o=p(o)(o)ccn1c2ccccc2c2ccccc21,train,OPV
423,2pacz::o=p(o)(o)ccn1c2ccccc2c2ccccc21,train,OPV
424,2pacz::o=p(o)(o)ccn1c2ccccc2c2ccccc21,train,OPV
425,2pacz::o=p(o)(o)ccn1c2ccccc2c2ccccc21,train,OPV
426,nba::o=c(o)c1ccc([n+](=o)[o-])cc1,train,OPV
427,nba::o=c(o)c1ccc([n+](=o)[o-])cc1,train,OPV
428,c8-ba::ccccccccb(o)o,train,OPV
429,c10-ba::ccccccccccb(o)o,train,OPV
430,c12-ba::ccccccccccccb(o)o,train,OPV
431,mna::coc1ccc(n(c2ccc(-c3ccc(c(=o)o)cc3)cc2)c2ccc3ccccc3c2)cc1,train,OPV
432,mna::coc1ccc(n(c2ccc(-c3ccc(c(=o)o)cc3)cc2)c2ccc3ccccc3c2)cc1,train,OPV
433,mna::coc1ccc(n(c2ccc(-c3ccc(c(=o)o)cc3)cc2)c2ccc3ccccc3c2)cc1,test,OPV
434,mna::coc1ccc(n(c2ccc(-c3ccc(c(=o)o)cc3)cc2)c2ccc3ccccc3c2)cc1,test,OPV
435,tdpa-cl::o=p(o)(o)ccccn1c2ccc(cl)cc2sc2cc(cl)ccc21,train,OPV
436,tdpa-cl::o=p(o)(o)ccccn1c2ccc(cl)cc2sc2cc(cl)ccc21,train,OPV
437,cz-br-2::o=p(o)(o)ccn1c2ccc(br)cc2c2ccc(br)cc21,train,OPV
438,cz-f-4::o=p(o)(o)ccccn1c2ccc(f)cc2c2ccc(f)cc21,train,OPV
439,cz-cl-4::o=p(o)(o)ccccn1c2ccc(cl)cc2c2ccc(cl)cc21,train,OPV
440,cz-br-4::o=p(o)(o)ccccn1c2ccc(br)cc2c2ccc(br)cc21,train,OPV
441,cz-i-2::o=p(o)(o)ccn1c2ccc(i)cc2c2ccc(i)cc21,train,OPV
442,cz-i-3::o=p(o)(o)cccn1c2ccc(i)cc2c2ccc(i)cc21,train,OPV
443,cz-i-4::o=p(o)(o)ccccn1c2ccc(i)cc2c2ccc(i)cc21,train,OPV
444,cz-i-2::o=p(o)(o)ccn1c2ccc(i)cc2c2ccc(i)cc21,test,OPV
445,2pacz::o=p(o)(o)ccn1c2ccccc2c2ccccc21,train,OPV
446,2pacz::o=p(o)(o)ccn1c2ccccc2c2ccccc21,test,OPV
447,2pacz::o=p(o)(o)ccn1c2ccccc2c2ccccc21,train,OPV
448,2pacz::o=p(o)(o)ccn1c2ccccc2c2ccccc21,test,OPV
449,2pacz::o=p(o)(o)ccn1c2ccccc2c2ccccc21,train,OPV
450,2pacz::o=p(o)(o)ccn1c2ccccc2c2ccccc21,test,OPV
451,2pacz::o=p(o)(o)ccn1c2ccccc2c2ccccc21,train,OPV
452,2pacz::o=p(o)(o)ccn1c2ccccc2c2ccccc21,train,OPV
453,2pacz::o=p(o)(o)ccn1c2ccccc2c2ccccc21,train,OPV
454,2pacz::o=p(o)(o)ccn1c2ccccc2c2ccccc21,train,OPV
455,2pacz::o=p(o)(o)ccn1c2ccccc2c2ccccc21,train,OPV
456,2pacz::o=p(o)(o)ccn1c2ccccc2c2ccccc21,train,OPV
457,2pacz::o=p(o)(o)ccn1c2ccccc2c2ccccc21,train,OPV
458,2pacz::o=p(o)(o)ccn1c2ccccc2c2ccccc21,train,OPV
459,2pacz::o=p(o)(o)ccn1c2ccccc2c2ccccc21,train,OPV
460,2pacz::o=p(o)(o)ccn1c2ccccc2c2ccccc21,train,OPV
461,2pacz::o=p(o)(o)ccn1c2ccccc2c2ccccc21,train,OPV
462,2pacz::o=p(o)(o)ccn1c2ccccc2c2ccccc21,train,OPV
463,2pacz::o=p(o)(o)ccn1c2ccccc2c2ccccc21,train,OPV
464,2pacz::o=p(o)(o)ccn1c2ccccc2c2ccccc21,train,OPV
465,2pacz::o=p(o)(o)ccn1c2ccccc2c2ccccc21,train,OPV
466,2pacz::o=p(o)(o)ccn1c2ccccc2c2ccccc21,train,OPV
467,2pacz::o=p(o)(o)ccn1c2ccccc2c2ccccc21,test,OPV
468,2pacz::o=p(o)(o)ccn1c2ccccc2c2ccccc21,train,OPV
469,2pacz::o=p(o)(o)ccn1c2ccccc2c2ccccc21,train,OPV
470,2pacz::o=p(o)(o)ccn1c2ccccc2c2ccccc21,train,OPV
471,2pacz::o=p(o)(o)ccn1c2ccccc2c2ccccc21,train,OPV
472,2pacz::o=p(o)(o)ccn1c2ccccc2c2ccccc21,train,OPV
473,3pacz::c1=cc=c2c(=c1)c3=cc=cc=c3n2cccp(=o)(o)o,train,OPV
474,4pacz::c1=cc=c2c(=c1)c3=cc=cc=c3n2ccccp(=o)(o)o,train,OPV
475,2pacz::o=p(o)(o)ccn1c2ccccc2c2ccccc21,train,OPV
476,3pacz::c1=cc=c2c(=c1)c3=cc=cc=c3n2cccp(=o)(o)o,train,OPV
477,4pacz::c1=cc=c2c(=c1)c3=cc=cc=c3n2ccccp(=o)(o)o,test,OPV
478,2pacz::o=p(o)(o)ccn1c2ccccc2c2ccccc21,test,OPV
479,3pacz::c1=cc=c2c(=c1)c3=cc=cc=c3n2cccp(=o)(o)o,test,OPV
480,4pacz::c1=cc=c2c(=c1)c3=cc=cc=c3n2ccccp(=o)(o)o,train,OPV
481,2pacz::o=p(o)(o)ccn1c2ccccc2c2ccccc21,train,OPV
482,3pacz::c1=cc=c2c(=c1)c3=cc=cc=c3n2cccp(=o)(o)o,train,OPV
483,4pacz::c1=cc=c2c(=c1)c3=cc=cc=c3n2ccccp(=o)(o)o,train,OPV
484,4padcb::c(n1c2c=cc3=cc=cc=c3c=2c2c3=cc=cc=c3c=cc=21)cccp(o)(o)=o,train,OPV
485,2pacz::o=p(o)(o)ccn1c2ccccc2c2ccccc21,train,OPV
486,2pacz::o=p(o)(o)ccn1c2ccccc2c2ccccc21,train,OPV
487,4padcb::o=p(o)(o)ccccn1c2ccc3ccccc3c2c2c3ccccc3ccc21,train,OPV
488,pphpadcb::o=p(o)(o)c1ccc(-n2c3cc4ccccc4cc3c3c4ccccc4ccc32)cc1,train,OPV
489,pphpadcb::o=p(o)(o)c1ccc(-n2c3cc4ccccc4cc3c3c4ccccc4ccc32)cc1,train,OPV
490,pphpadcb::o=p(o)(o)c1ccc(-n2c3cc4ccccc4cc3c3c4ccccc4ccc32)cc1,train,OPV
491,pphpadcb::o=p(o)(o)c1ccc(-n2c3cc4ccccc4cc3c3c4ccccc4ccc32)cc1,train,OPV
492,4-cba::o=c(o)c1ccc(cl)cc1,train,OPV
493,3-cba::o=c(o)c1cccc(cl)c1,train,OPV
494,2-cba::o=c(o)c1ccccc1cl,train,OPV
495,"3,4-cba::o=c(o)c1cc(cl)c(cl)cc1",train,OPV
496,"2,3,4,5-cba::o=c(o)c1c(cl)c(cl)c(cl)c(cl)c1",train,OPV
497,2pacz::o=p(o)(o)ccn1c2ccccc2c2ccccc21,train,OPV
498,2pacz::o=p(o)(o)ccn1c2ccccc2c2ccccc21,train,OPV
499,4padcb::c1=cc=c2c(=c1)c=cc3=c2c4=c(n3ccccp(=o)(o)o)c=cc5=cc=cc=c54,train,OPV
500,4padcb::c1=cc=c2c(=c1)c=cc3=c2c4=c(n3ccccp(=o)(o)o)c=cc5=cc=cc=c54,train,OPV
501,4padcb::c1=cc=c2c(=c1)c=cc3=c2c4=c(n3ccccp(=o)(o)o)c=cc5=cc=cc=c54,train,OPV
502,4padcb::c1=cc=c2c(=c1)c=cc3=c2c4=c(n3ccccp(=o)(o)o)c=cc5=cc=cc=c54,train,OPV
503,4padcb::c1=cc=c2c(=c1)c=cc3=c2c4=c(n3ccccp(=o)(o)o)c=cc5=cc=cc=c54,train,OPV
504,br-2pacz::c1=cc2=c(c=c1br)c3=c(n2ccp(=o)(o)o)c=cc(=c3)br,train,OPV
505,cl-2pacz::c1=cc2=c(c=c1cl)c3=c(n2ccp(=o)(o)o)c=cc(=c3)cl,train,OPV
506,me-4pacz::cc1ccc2c(c1)c1ccc(c)cc1n2ccccp(=o)(o)o,train,OPV
507,2pacz::o=p(o)(o)ccn1c2ccccc2c2ccccc21,test,OPV
508,1f-2pacz::o=p(o)(o)ccn1c2ccccc2c2ccc(f)cc21,train,OPV
509,1cl-2pacz::o=p(o)(o)ccn1c2ccccc2c2ccc(cl)cc21,train,OPV
510,1br-2pacz::o=p(o)(o)ccn1c2ccccc2c2ccc(br)cc21,train,OPV
511,1i-2pacz::o=p(o)(o)ccn1c2ccccc2c2ccc(i)cc21,test,OPV
512,1cf3-2pacz::o=p(o)(o)ccn1c2ccccc2c2ccc(c(f)(f)f)cc21,train,OPV
513,2cl-2pacz::o=p(o)(o)ccn1c2ccc(cl)cc2c2ccc(cl)cc21,train,OPV
514,1cl-2pacz::o=p(o)(o)ccn1c2ccccc2c2ccc(cl)cc21,train,OPV
515,1br-2pacz::o=p(o)(o)ccn1c2ccccc2c2ccc(br)cc21,train,OPV
516,2pacz::o=p(o)(o)ccn1c2ccccc2c2ccccc21,train,OPV
517,2pacz::o=p(o)(o)ccn1c2ccccc2c2ccccc21,train,OPV
518,2pacz::o=p(o)(o)ccn1c2ccccc2c2ccccc21,train,OPV
519,2pacz::o=p(o)(o)ccn1c2ccccc2c2ccccc21,test,OPV
520,2pacz::o=p(o)(o)ccn1c2ccccc2c2ccccc21,train,OPV
521,ph-4pacz::o=p(o)(o)ccccn1c2ccc(-c3ccccc3)cc2c2cc(-c3ccccc3)ccc21,train,OPV
522,ph-4pacz::o=p(o)(o)ccccn1c2ccc(-c3ccccc3)cc2c2cc(-c3ccccc3)ccc21,train,OPV
523,3-bpic-f::o=p(o)(o)cccn1c2ccc(f)cc2c2ccc3c4cc(f)ccc4n(cccp(=o)(o)o)c3c21,train,OPV
524,3-bpic-f::o=p(o)(o)cccn1c2ccc(f)cc2c2ccc3c4cc(f)ccc4n(cccp(=o)(o)o)c3c21,train,OPV
525,db-br::o=p(o)(o)ccccn1c2ccc(br)cc2c2cc(br)ccc21,train,OPV
526,db-br::o=p(o)(o)ccccn1c2ccc(br)cc2c2cc(br)ccc21,train,OPV
527,br-2pacz::o=p(o)(o)ccn1c2ccc(br)cc2c2cc(br)ccc21,test,OPV
528,br-2pacz::o=p(o)(o)ccn1c2ccc(br)cc2c2cc(br)ccc21,train,OPV
529,ph-4pacz::o=p(o)(o)ccccn1c2ccc(-c3ccccc3)cc2c2cc(-c3ccccc3)ccc21,train,OPV
530,ph-4pacz::o=p(o)(o)ccccn1c2ccc(-c3ccccc3)cc2c2cc(-c3ccccc3)ccc21,train,OPV
531,c3f4paptsi::cl[si](cl)(cl)cccn(c1cc(f)c(f)cc1)c1cc(f)c(f)cc1,train,OPV
532,c6f4paptsi::cl[si](cl)(cl)ccccccn(c1cc(f)c(f)cc1)c1cc(f)c(f)cc1,train,OPV
533,c10f4paptsi::cl[si](cl)(cl)ccccccccccn(c1cc(f)c(f)cc1)c1cc(f)c(f)cc1,train,OPV
534,c18f4paptsi::cl[si](cl)(cl)ccccccccccccccccccn(c1cc(f)c(f)cc1)c1cc(f)c(f)cc1,test,OPV
535,3-bpic(i)::o=p(o)(o)cccn1c2ccccc2c2cc3c(cc21)c1ccccc1n3cccp(=o)(o)o,train,OPV
536,3-bpic::o=p(o)(o)cccn1c2ccccc2c2ccc3c4ccccc4n(cccp(=o)(o)o)c3c21,train,OPV
537,3-bpic-f::o=p(o)(o)cccn1c2ccc(f)cc2c2ccc3c4cc(f)ccc4n(cccp(=o)(o)o)c3c21,train,OPV
538,3-bpic-f::o=p(o)(o)cccn1c2ccc(f)cc2c2ccc3c4cc(f)ccc4n(cccp(=o)(o)o)c3c21,train,OPV
539,3-bpic-f::o=p(o)(o)cccn1c2ccc(f)cc2c2ccc3c4cc(f)ccc4n(cccp(=o)(o)o)c3c21,train,OPV
540,3-bpic-f::o=p(o)(o)cccn1c2ccc(f)cc2c2ccc3c4cc(f)ccc4n(cccp(=o)(o)o)c3c21,train,OPV
541,3-bpic-f::o=p(o)(o)cccn1c2ccc(f)cc2c2ccc3c4cc(f)ccc4n(cccp(=o)(o)o)c3c21,train,OPV
542,3-bpic-f::o=p(o)(o)cccn1c2ccc(f)cc2c2ccc3c4cc(f)ccc4n(cccp(=o)(o)o)c3c21,train,OPV
543,4padcb::c1=cc=c2c(=c1)c=cc3=c2c4=c(n3ccccp(=o)(o)o)c=cc5=cc=cc=c54,train,OPV
544,4padcb::c1=cc=c2c(=c1)c=cc3=c2c4=c(n3ccccp(=o)(o)o)c=cc5=cc=cc=c54,test,OPV
545,4padcb::c1=cc=c2c(=c1)c=cc3=c2c4=c(n3ccccp(=o)(o)o)c=cc5=cc=cc=c54,train,OPV
546,2pacz::o=p(o)(o)ccn1c2ccccc2c2ccccc21,train,OPV
547,th-cz::o=p(o)(o)ccn1c2ccc(-c3cccs3)cc2c2cc(-c3cccs3)ccc21,train,OPV
548,th-cz::o=p(o)(o)ccn1c2ccc(-c3cccs3)cc2c2cc(-c3cccs3)ccc21,test,OPV
549,ph-cz::o=p(o)(o)ccn1c2ccc(-c3ccccc3)cc2c2cc(-c3ccccc3)ccc21,train,OPV
550,m-phpacz::coc1cccc(-c2ccc3c(c2)c2ccc(-c4cccc(oc)c4)cc2n3ccp(=o)(o)o)c1,train,OPV
551,2pacz::o=p(o)(o)ccn1c2ccccc2c2ccccc21,train,OPV
552,th-cz::o=p(o)(o)ccn1c2ccc(-c3cccs3)cc2c2cc(-c3cccs3)ccc21,train,OPV
553,2pacz::o=p(o)(o)ccn1c2ccccc2c2ccccc21,train,OPV
554,th-cz::o=p(o)(o)ccn1c2ccc(-c3cccs3)cc2c2cc(-c3cccs3)ccc21,train,OPV
555,2pacz::o=p(o)(o)ccn1c2ccccc2c2ccccc21,train,OPV
556,th-cz::o=p(o)(o)ccn1c2ccc(-c3cccs3)cc2c2cc(-c3cccs3)ccc21,train,OPV
557,th-cz::o=p(o)(o)ccn1c2ccc(-c3cccs3)cc2c2cc(-c3cccs3)ccc21,train,OPV
558,2pacz::o=p(o)(o)ccn1c2ccccc2c2ccccc21,train,OPV
559,th-cz::o=p(o)(o)ccn1c2ccc(-c3cccs3)cc2c2cc(-c3cccs3)ccc21,test,OPV
560,meo-4pacz::coc1ccc2c(c1)c1ccc(oc)cc1n2ccccp(=o)(o)o,train,OPV
561,meof-4pacz::coc1ccc2c3cc(f)ccc3n(ccccp(=o)(o)o)c2c1,train,OPV
562,f-4pacz::o=p(o)(o)ccccn1c2ccc(f)cc2c2ccc(f)cc21,train,OPV
563,f-4pacz::o=p(o)(o)ccccn1c2ccc(f)cc2c2ccc(f)cc21,train,OPV
564,f-4pacz::o=p(o)(o)ccccn1c2ccc(f)cc2c2ccc(f)cc21,train,OPV
565,f-4pacz::o=p(o)(o)ccccn1c2ccc(f)cc2c2ccc(f)cc21,train,OPV
566,f-4pacz::o=p(o)(o)ccccn1c2ccc(f)cc2c2ccc(f)cc21,train,OPV
567,meof-4pacz::coc1ccc2c3cc(f)ccc3n(ccccp(=o)(o)o)c2c1,train,OPV
568,meof-4pacz::coc1ccc2c3cc(f)ccc3n(ccccp(=o)(o)o)c2c1,test,OPV
569,jj36::o=p(o)(o)ccccn1c2cc(-c3ccccc3)ccc2c2ccc(-c3ccccc3)cc21,test,OPV
570,jj36::o=p(o)(o)ccccn1c2cc(-c3ccccc3)ccc2c2ccc(-c3ccccc3)cc21,train,OPV
571,jj36::o=p(o)(o)ccccn1c2cc(-c3ccccc3)ccc2c2ccc(-c3ccccc3)cc21,train,OPV
572,jj36::o=p(o)(o)ccccn1c2cc(-c3ccccc3)ccc2c2ccc(-c3ccccc3)cc21,train,OPV
573,jj36::o=p(o)(o)ccccn1c2cc(-c3ccccc3)ccc2c2ccc(-c3ccccc3)cc21,train,OPV
574,jj36::o=p(o)(o)ccccn1c2cc(-c3ccccc3)ccc2c2ccc(-c3ccccc3)cc21,train,OPV
575,jj36::o=p(o)(o)ccccn1c2cc(-c3ccccc3)ccc2c2ccc(-c3ccccc3)cc21,train,OPV
576,jj36::o=p(o)(o)ccccn1c2cc(-c3ccccc3)ccc2c2ccc(-c3ccccc3)cc21,test,OPV
577,jj36::o=p(o)(o)ccccn1c2cc(-c3ccccc3)ccc2c2ccc(-c3ccccc3)cc21,train,OPV
578,jj36::o=p(o)(o)ccccn1c2cc(-c3ccccc3)ccc2c2ccc(-c3ccccc3)cc21,train,OPV
579,jj36::o=p(o)(o)ccccn1c2cc(-c3ccccc3)ccc2c2ccc(-c3ccccc3)cc21,train,OPV
580,jj36::o=p(o)(o)ccccn1c2cc(-c3ccccc3)ccc2c2ccc(-c3ccccc3)cc21,train,OPV
581,jj36::o=p(o)(o)ccccn1c2cc(-c3ccccc3)ccc2c2ccc(-c3ccccc3)cc21,train,OPV
582,jj36::o=p(o)(o)ccccn1c2cc(-c3ccccc3)ccc2c2ccc(-c3ccccc3)cc21,train,OPV
583,meo-2pacz::coc1ccc2c(c1)c1ccc(oc)cc1n2ccp(=o)(o)o,test,OPV
584,cbzc4::cc(c)(c)c1ccc2c(c1)c1ccc(c(c)(c)c)cc1n2ccccp(=o)(o)o,train,OPV
585,cbzc2::cc(c)(c)c1ccc2c(c1)c1ccc(c(c)(c)c)cc1n2ccp(=o)(o)o,train,OPV
586,meo-2pacz::coc1=cc2=c(c=c1)n(c3=c2c=c(c=c3)oc)ccp(=o)(o)o,train,OPV
587,br-2epse::o=p(o)(o)ccn1c2ccc(br)cc2[se]c2cc(br)ccc21,train,OPV
588,4pacz::o=p(o)(o)ccccn1c2ccccc2c2ccccc21,test,OPV
589,p-4pacz::o=p(o)(o)ccccn1c2ccccc2c2cc(-c3ccccc3)ccc21,train,OPV
590,4pacz::o=p(o)(o)ccccn1c2ccccc2c2ccccc21,test,OPV
591,p-4pacz::o=p(o)(o)ccccn1c2ccccc2c2cc(-c3ccccc3)ccc21,train,OPV
592,2pacz::o=p(o)(o)ccn1c2ccccc2c2ccccc21,train,OPV
593,4pacz::o=p(o)(o)ccccn1c2ccccc2c2ccccc21,train,OPV
594,p-4pacz::o=p(o)(o)ccccn1c2ccccc2c2cc(-c3ccccc3)ccc21,test,OPV
595,2pacz::o=p(o)(o)ccn1c2ccccc2c2ccccc21,train,OPV
596,4pacz::o=p(o)(o)ccccn1c2ccccc2c2ccccc21,train,OPV
597,p-4pacz::o=p(o)(o)ccccn1c2ccccc2c2cc(-c3ccccc3)ccc21,train,OPV
598,2pacz::o=p(o)(o)ccn1c2ccccc2c2ccccc21,train,OPV
599,6c2a::c1(c(c2(c(=c(c1(c2(cl)cl)cl)cl)cl)cl)c(=o)o)c(=o)o,train,OPV
600,6c2a::c1(c(c2(c(=c(c1(c2(cl)cl)cl)cl)cl)cl)c(=o)o)c(=o)o,train,OPV
601,me-4pacz::cc1ccc2c(c1)c1ccc(c)cc1n2ccccp(=o)(o)o,train,OPV
602,2pacz::o=p(o)(o)ccn1c2ccccc2c2ccccc21,test,OPV
603,3fmbpa::o=p(o)(o)cc1ccc(c(f)(f)f)cc1,train,OPV
604,brdecz::coc1ccc(-c2ccc3c4cc(br)ccc4n(ccp(=o)(o)o)c3c2)cc1oc,test,OPV
605,decz::coc1ccc(-c2ccc3c(c2)c2ccc(-c4ccc(oc)c(oc)c4)cc2n3ccp(=o)(o)o)cc1oc,train,OPV
606,brcz::o=p(o)(o)ccn1c2cc(br)ccc2c2ccc(br)cc21,train,OPV
607,brdecz::coc1ccc(-c2ccc3c4cc(br)ccc4n(ccp(=o)(o)o)c3c2)cc1oc,train,OPV
608,decz::coc1ccc(-c2ccc3c(c2)c2ccc(-c4ccc(oc)c(oc)c4)cc2n3ccp(=o)(o)o)cc1oc,train,OPV
609,brcz::o=p(o)(o)ccn1c2cc(br)ccc2c2ccc(br)cc21,train,OPV
610,brdecz::coc1ccc(-c2ccc3c4cc(br)ccc4n(ccp(=o)(o)o)c3c2)cc1oc,train,OPV
611,decz::coc1ccc(-c2ccc3c(c2)c2ccc(-c4ccc(oc)c(oc)c4)cc2n3ccp(=o)(o)o)cc1oc,train,OPV
612,brcz::o=p(o)(o)ccn1c2cc(br)ccc2c2ccc(br)cc21,train,OPV
613,brdecz::coc1ccc(-c2ccc3c4cc(br)ccc4n(ccp(=o)(o)o)c3c2)cc1oc,train,OPV
614,decz::coc1ccc(-c2ccc3c(c2)c2ccc(-c4ccc(oc)c(oc)c4)cc2n3ccp(=o)(o)o)cc1oc,train,OPV
615,brcz::o=p(o)(o)ccn1c2cc(br)ccc2c2ccc(br)cc21,train,OPV
616,c3-sam::nccc(=o)o,test,OPV
617,f5bpa::o=p(o)(o)cc1=c(f)c(f)=c(f)c(f)=c1f,train,OPV
618,fopa::o=p(o)(o)cc(f)(f)c(f)(f)c(f)(f)c(f)(f)c(f)(f)c(f)(f)f,train,OPV
619,ba::o=c(o)c1ccccc1,train,OPV
620,bba::o=c(o)c1ccc(br)cc1,train,OPV
621,cba::o=c(o)c1ccc(cl)cc1,train,OPV
622,fba::o=c(o)c1ccc(f)cc1,train,OPV
623,ppa::o=p(o)(o)c1ccccc1,train,OPV
624,bpa::o=p(o)(o)c1ccc(br)cc1,train,OPV
625,cpa::o=p(o)(o)c1ccc(cl)cc1,train,OPV
626,ba::o=c(o)c1ccccc1,train,OPV
627,bba::o=c(o)c1ccc(br)cc1,train,OPV
628,cba::o=c(o)c1ccc(cl)cc1,train,OPV
629,fba::o=c(o)c1ccc(f)cc1,train,OPV
630,2pacz::o=p(o)(o)ccn1c2ccccc2c2ccccc21,train,OPV
631,br-2pacz::o=p(o)(o)ccn1c2cc(br)ccc2c2ccc(br)cc21,train,OPV
632,"4-((1,3-dioxo-1,3-dihydro-2h-inden-2-ylidene)methyl)benzoic acid::o=c(o)c1ccc(c=c2c(=o)c3ccccc3c2=o)cc1",train,OPV
633,(e)-4-((3-ethyl-4-oxo-2-thioxothiazolidin-5-ylidene)methyl)benzoic acid::ccn1c(=s)sc(=cc2ccc(c(=o)o)cc2)c1=o,train,OPV
634,(e)-4-((2-(dicyanomethylene)-3-ethyl-4-oxothiazolidin-5-ylidene)methyl)benzoic acid::ccn1c(=c(c#n)c#n)sc(=cc2ccc(c(=o)o)cc2)c1=o,train,OPV
635,"4-((1,3-dioxo-1,3-dihydro-2h-inden-2-ylidene)methyl)benzoic acid::o=c(o)c1ccc(c=c2c(=o)c3ccccc3c2=o)cc1",test,OPV
636,"4-((1,3-dioxo-1,3-dihydro-2h-inden-2-ylidene)methyl)benzoic acid::o=c(o)c1ccc(c=c2c(=o)c3ccccc3c2=o)cc1",train,OPV
637,c3-sam::nccc(=o)o,train,OPV
638,aba::nc1=cc=c(c=c1)c(=o)o,train,OPV
639,moba::coc1=cc=c(c=c1)c(=o)o,train,OPV
640,aptes::cco[si](cccn)(occ)occ,train,OPV
641,cf3ba::c1=cc(=cc=c1c(=o)o)c(f)(f)f,train,OPV
642,och3ba::coc1=cc=c(c=c1)c(o)=o,train,OPV
643,ser::nc(co)c(=o)o,train,OPV
644,ser::nc(co)c(=o)o,train,OPV
645,ser::nc(co)c(=o)o,train,OPV
646,ser::nc(co)c(=o)o,train,OPV
647,pei::c1cn1,train,OPV
648,paa::c=ccn,train,OPV
649,lys::ncccc[c@h](n)c(=o)o,train,OPV
650,arg::n[c@@h](cccnc(n)=n)c(=o)o,train,OPV
651,bcbbr-c4pa::o=p(o)(o)ccccn1c2ccc(br)cc2c2c3ccccc3ccc21,train,OPV
652,bcbbr-c4pa::o=p(o)(o)ccccn1c2ccc(br)cc2c2c3ccccc3ccc21,test,OPV
653,bcbbr-c4pa::o=p(o)(o)ccccn1c2ccc(br)cc2c2c3ccccc3ccc21,test,OPV
654,bcbbr-c4pa::o=p(o)(o)ccccn1c2ccc(br)cc2c2c3ccccc3ccc21,train,OPV
655,cf3ba::o=c(o)c1ccc(c(f)(f)f)cc1,train,OPV
656,och3ba::coc1ccc(c(=o)o)cc1,test,OPV
657,c60-sam::o=c(o)c1=cc=c(c=c1)c2n(c)cc34c5=c6c=7c=8c=9c=%10c=%11c%12=c%13c%14=c%15c%11c%16=c%17c%15=c%18c%19=c%14c=%20c%13=c%21c%22=c%12c%10c%23=c%24c%22=c%25c%21=c%26c%20c=%27c%19=c%28c%18=c%29c%17=c(c7c%169)c5=c%29c%30=c%28c=%31c%27c%26=c%32c%25=c%33c%24=c(c%238)c6=c4c%33=c%32c%31c%3023,test,OPV
658,tt-sam::c1=csc(=c1)c2=cc=c(s2)c3=cc=c(s3)c(=o)o,train,OPV
659,ba-sam::c1=cc=c(c=c1)c(=o)o,train,OPV
660,la-sam::cccccccccccc(=o)o,train,OPV
661,ct17::ccccccoc1ccc(n(c2ccc(occcccc)cc2)c2ccc(-c3cc(c(=o)o)cc(c(=o)o)c3)cc2)cc1,train,OPV
662,ct19::o=c(o)c1ccc(-c2ccc(n(c3ccccc3)c3cccc4ccccc34)cc2)cc1,train,OPV
663,ct21::o=c(o)c1ccc(cc1)c2ccc(n(c3ccccc3)c3cccc(c)c3)cc2,train,OPV
664,ct23::ccccccoc1ccc(n(c2ccc(occcccc)cc2)c3ccc(-c4ccc(c(=o)o)cc4)cc3)cc1,train,OPV
665,open-pcbm::coc(=o)cccc1(c2ccccc2)c23c4c5c6c7c8c9c(c%10c%11c2c2c%12c4c4c%13c5c5c7c7c8c8c%14c9c%10c9c%10c%11c2c2c%11c%12c4c4c%12c%13c5c5c7c7c8c8c%14c9c9c%10c2c2c%11c4c4c%12c5c7c5c8c9c2c45)c613,train,OPV
666,close-c60::c12=c3c4=c5c1=c1c6=c7c2=c2c8=c3c3=c9c4=c4c%10=c5c5=c1c1=c6c6=c%11c7=c2c2=c7c8=c3c3=c8c9=c4c4=c9c%10=c5c5=c1c1=c6c6=c%11c2=c2c7=c3c3=c8c4=c4c9=c5c1=c1c6=c2c3=c41,train,OPV
667,open-pcbm::coc(=o)cccc1(c2ccccc2)c23c4c5c6c7c8c9c(c%10c%11c2c2c%12c4c4c%13c5c5c7c7c8c8c%14c9c%10c9c%10c%11c2c2c%11c%12c4c4c%12c%13c5c5c7c7c8c8c%14c9c9c%10c2c2c%11c4c4c%12c5c7c5c8c9c2c45)c613,train,OPV
668,close-c60::c12=c3c4=c5c1=c1c6=c7c2=c2c8=c3c3=c9c4=c4c%10=c5c5=c1c1=c6c6=c%11c7=c2c2=c7c8=c3c3=c8c9=c4c4=c9c%10=c5c5=c1c1=c6c6=c%11c2=c2c7=c3c3=c8c4=c4c9=c5c1=c1c6=c2c3=c41,train,OPV
669,c60-cooh::c1(c23c14c5=c6c7=c8c9=c1c%10=c%11c%12=c%13c%14=c%10c%10=c1c1=c%15c%16=c%17c%18=c%19c%20=c%21c%22=c%23c%24=c%25c%26=c(c7=c9c%11=c%26c%12=c%24c%22=c%13c%20=c%14c%18=c%10%16)c7=c%25c9=c(c4=c76)c4=c2c(=c%17c3=c%15c5=c81)c%19=c%21c4=c%239)c(=o)o,train,OPV
670,c60-cooh::c1(c23c14c5=c6c7=c8c9=c1c%10=c%11c%12=c%13c%14=c%10c%10=c1c1=c%15c%16=c%17c%18=c%19c%20=c%21c%22=c%23c%24=c%25c%26=c(c7=c9c%11=c%26c%12=c%24c%22=c%13c%20=c%14c%18=c%10%16)c7=c%25c9=c(c4=c76)c4=c2c(=c%17c3=c%15c5=c81)c%19=c%21c4=c%239)c(=o)o,train,OPV
671,c60-cooh::c1(c23c14c5=c6c7=c8c9=c1c%10=c%11c%12=c%13c%14=c%10c%10=c1c1=c%15c%16=c%17c%18=c%19c%20=c%21c%22=c%23c%24=c%25c%26=c(c7=c9c%11=c%26c%12=c%24c%22=c%13c%20=c%14c%18=c%10%16)c7=c%25c9=c(c4=c76)c4=c2c(=c%17c3=c%15c5=c81)c%19=c%21c4=c%239)c(=o)o,train,OPV
672,c60-cooh::c1(c23c14c5=c6c7=c8c9=c1c%10=c%11c%12=c%13c%14=c%10c%10=c1c1=c%15c%16=c%17c%18=c%19c%20=c%21c%22=c%23c%24=c%25c%26=c(c7=c9c%11=c%26c%12=c%24c%22=c%13c%20=c%14c%18=c%10%16)c7=c%25c9=c(c4=c76)c4=c2c(=c%17c3=c%15c5=c81)c%19=c%21c4=c%239)c(=o)o,train,OPV
673,c60-cooh::c1(c23c14c5=c6c7=c8c9=c1c%10=c%11c%12=c%13c%14=c%10c%10=c1c1=c%15c%16=c%17c%18=c%19c%20=c%21c%22=c%23c%24=c%25c%26=c(c7=c9c%11=c%26c%12=c%24c%22=c%13c%20=c%14c%18=c%10%16)c7=c%25c9=c(c4=c76)c4=c2c(=c%17c3=c%15c5=c81)c%19=c%21c4=c%239)c(=o)o,train,OPV
674,c60-cooh::c1(c23c14c5=c6c7=c8c9=c1c%10=c%11c%12=c%13c%14=c%10c%10=c1c1=c%15c%16=c%17c%18=c%19c%20=c%21c%22=c%23c%24=c%25c%26=c(c7=c9c%11=c%26c%12=c%24c%22=c%13c%20=c%14c%18=c%10%16)c7=c%25c9=c(c4=c76)c4=c2c(=c%17c3=c%15c5=c81)c%19=c%21c4=c%239)c(=o)o,train,OPV
675,open-pcbm::coc(=o)cccc1(c2ccccc2)c23c4c5c6c7c8c9c(c%10c%11c2c2c%12c4c4c%13c5c5c7c7c8c8c%14c9c%10c9c%10c%11c2c2c%11c%12c4c4c%12c%13c5c5c7c7c8c8c%14c9c9c%10c2c2c%11c4c4c%12c5c7c5c8c9c2c45)c613,train,OPV
676,close-c60::cn1cc23c4c5c6c7c8c9c(c%10c%11c2c2c%12c4c4c%13c5c5c7c7c8c8c%14c9c%10c9c%10c%11c2c2c%11c%12c4c4c%12c%13c5c5c7c7c8c8c%14c9c9c%10c2c2c%11c4c4c%12c5c7c5c8c9c2c45)c63c1c1ccc(c(=o)o)cc1,train,OPV
677,open-pcbm::coc(=o)cccc1(c2ccccc2)c23c4c5c6c7c8c9c(c%10c%11c2c2c%12c4c4c%13c5c5c7c7c8c8c%14c9c%10c9c%10c%11c2c2c%11c%12c4c4c%12c%13c5c5c7c7c8c8c%14c9c9c%10c2c2c%11c4c4c%12c5c7c5c8c9c2c45)c613,train,OPV
678,close-c60::cn1cc23c4c5c6c7c8c9c(c%10c%11c2c2c%12c4c4c%13c5c5c7c7c8c8c%14c9c%10c9c%10c%11c2c2c%11c%12c4c4c%12c%13c5c5c7c7c8c8c%14c9c9c%10c2c2c%11c4c4c%12c5c7c5c8c9c2c45)c63c1c1ccc(c(=o)o)cc1,train,OPV
679,ba::o=c(o)c1ccccc1,train,OPV
680,4-cba::o=c(o)c1ccc(cl)cc1,train,OPV
681,1-na::o=c(o)c1cccc2ccccc12,train,OPV
682,ppa::o=p(o)(o)c1ccccc1,train,OPV
683,bsa::o=s(=o)(o)c1ccccc1,train,OPV
684,lys::ncccc[c@h](n)c(=o)o,train,OPV
685,catechol c60::cn1cc23c4c5c6c7c8c9c(c%10c%11c2c2c4c4c%12c5c5c6c6c8c8c%13c9c9c%10c%10c%11c%11c2c2c4c4c%12c%12c5c5c6c8c6c8c%13c9c9c%10c%10c%11c2c2c4c4c%12c5c6c5c8c9c%10c2c45)c73c1c1ccc(o)c(o)c1,train,OPV
686,fba::c1=cc(=cc=c1c(=o)o)f,train,OPV
687,bba::cc(c)(c)c1=cc=c(c=c1)c(=o)o,train,OPV
688,mba::coc1=cc=c(c=c1)c(=o)o,train,OPV
689,nh2-silane::cco[si](cccn)(occ)occ,train,OPV
690,c60-sam::o=c(o)c1=cc=c(c=c1)c2n(c)cc34c5=c6c=7c=8c=9c=%10c=%11c%12=c%13c%14=c%15c%11c%16=c%17c%15=c%18c%19=c%14c=%20c%13=c%21c%22=c%12c%10c%23=c%24c%22=c%25c%21=c%26c%20c=%27c%19=c%28c%18=c%29c%17=c(c7c%169)c5=c%29c%30=c%28c=%31c%27c%26=c%32c%25=c%33c%24=c(c%238)c6=c4c%33=c%32c%31c%3023,train,OPV
691,c60-sam::o=c(o)c1=cc=c(c=c1)c2n(c)cc34c5=c6c=7c=8c=9c=%10c=%11c%12=c%13c%14=c%15c%11c%16=c%17c%15=c%18c%19=c%14c=%20c%13=c%21c%22=c%12c%10c%23=c%24c%22=c%25c%21=c%26c%20c=%27c%19=c%28c%18=c%29c%17=c(c7c%169)c5=c%29c%30=c%28c=%31c%27c%26=c%32c%25=c%33c%24=c(c%238)c6=c4c%33=c%32c%31c%3023,train,OPV
692,c60-sam::o=c(o)c1=cc=c(c=c1)c2n(c)cc34c5=c6c=7c=8c=9c=%10c=%11c%12=c%13c%14=c%15c%11c%16=c%17c%15=c%18c%19=c%14c=%20c%13=c%21c%22=c%12c%10c%23=c%24c%22=c%25c%21=c%26c%20c=%27c%19=c%28c%18=c%29c%17=c(c7c%169)c5=c%29c%30=c%28c=%31c%27c%26=c%32c%25=c%33c%24=c(c%238)c6=c4c%33=c%32c%31c%3023,test,OPV
693,c60-sam::o=c(o)c1=cc=c(c=c1)c2n(c)cc34c5=c6c=7c=8c=9c=%10c=%11c%12=c%13c%14=c%15c%11c%16=c%17c%15=c%18c%19=c%14c=%20c%13=c%21c%22=c%12c%10c%23=c%24c%22=c%25c%21=c%26c%20c=%27c%19=c%28c%18=c%29c%17=c(c7c%169)c5=c%29c%30=c%28c=%31c%27c%26=c%32c%25=c%33c%24=c(c%238)c6=c4c%33=c%32c%31c%3023,train,OPV
694,c60-sam::o=c(o)c1=cc=c(c=c1)c2n(c)cc34c5=c6c=7c=8c=9c=%10c=%11c%12=c%13c%14=c%15c%11c%16=c%17c%15=c%18c%19=c%14c=%20c%13=c%21c%22=c%12c%10c%23=c%24c%22=c%25c%21=c%26c%20c=%27c%19=c%28c%18=c%29c%17=c(c7c%169)c5=c%29c%30=c%28c=%31c%27c%26=c%32c%25=c%33c%24=c(c%238)c6=c4c%33=c%32c%31c%3023,train,OPV
695,c60-sam::o=c(o)c1=cc=c(c=c1)c2n(c)cc34c5=c6c=7c=8c=9c=%10c=%11c%12=c%13c%14=c%15c%11c%16=c%17c%15=c%18c%19=c%14c=%20c%13=c%21c%22=c%12c%10c%23=c%24c%22=c%25c%21=c%26c%20c=%27c%19=c%28c%18=c%29c%17=c(c7c%169)c5=c%29c%30=c%28c=%31c%27c%26=c%32c%25=c%33c%24=c(c%238)c6=c4c%33=c%32c%31c%3023,test,OPV
696,c60-sam::o=c(o)c1=cc=c(c=c1)c2n(c)cc34c5=c6c=7c=8c=9c=%10c=%11c%12=c%13c%14=c%15c%11c%16=c%17c%15=c%18c%19=c%14c=%20c%13=c%21c%22=c%12c%10c%23=c%24c%22=c%25c%21=c%26c%20c=%27c%19=c%28c%18=c%29c%17=c(c7c%169)c5=c%29c%30=c%28c=%31c%27c%26=c%32c%25=c%33c%24=c(c%238)c6=c4c%33=c%32c%31c%3023,train,OPV
697,c60-sam::o=c(o)c1=cc=c(c=c1)c2n(c)cc34c5=c6c=7c=8c=9c=%10c=%11c%12=c%13c%14=c%15c%11c%16=c%17c%15=c%18c%19=c%14c=%20c%13=c%21c%22=c%12c%10c%23=c%24c%22=c%25c%21=c%26c%20c=%27c%19=c%28c%18=c%29c%17=c(c7c%169)c5=c%29c%30=c%28c=%31c%27c%26=c%32c%25=c%33c%24=c(c%238)c6=c4c%33=c%32c%31c%3023,train,OPV
698,c60-sam::o=c(o)c1=cc=c(c=c1)c2n(c)cc34c5=c6c=7c=8c=9c=%10c=%11c%12=c%13c%14=c%15c%11c%16=c%17c%15=c%18c%19=c%14c=%20c%13=c%21c%22=c%12c%10c%23=c%24c%22=c%25c%21=c%26c%20c=%27c%19=c%28c%18=c%29c%17=c(c7c%169)c5=c%29c%30=c%28c=%31c%27c%26=c%32c%25=c%33c%24=c(c%238)c6=c4c%33=c%32c%31c%3023,train,OPV
699,c60-sam::o=c(o)c1=cc=c(c=c1)c2n(c)cc34c5=c6c=7c=8c=9c=%10c=%11c%12=c%13c%14=c%15c%11c%16=c%17c%15=c%18c%19=c%14c=%20c%13=c%21c%22=c%12c%10c%23=c%24c%22=c%25c%21=c%26c%20c=%27c%19=c%28c%18=c%29c%17=c(c7c%169)c5=c%29c%30=c%28c=%31c%27c%26=c%32c%25=c%33c%24=c(c%238)c6=c4c%33=c%32c%31c%3023,train,OPV
700,c60-sam::o=c(o)c1=cc=c(c=c1)c2n(c)cc34c5=c6c=7c=8c=9c=%10c=%11c%12=c%13c%14=c%15c%11c%16=c%17c%15=c%18c%19=c%14c=%20c%13=c%21c%22=c%12c%10c%23=c%24c%22=c%25c%21=c%26c%20c=%27c%19=c%28c%18=c%29c%17=c(c7c%169)c5=c%29c%30=c%28c=%31c%27c%26=c%32c%25=c%33c%24=c(c%238)c6=c4c%33=c%32c%31c%3023,train,OPV
701,c60-sam::o=c(o)c1=cc=c(c=c1)c2n(c)cc34c5=c6c=7c=8c=9c=%10c=%11c%12=c%13c%14=c%15c%11c%16=c%17c%15=c%18c%19=c%14c=%20c%13=c%21c%22=c%12c%10c%23=c%24c%22=c%25c%21=c%26c%20c=%27c%19=c%28c%18=c%29c%17=c(c7c%169)c5=c%29c%30=c%28c=%31c%27c%26=c%32c%25=c%33c%24=c(c%238)c6=c4c%33=c%32c%31c%3023,train,OPV
702,c60-sam::o=c(o)c1=cc=c(c=c1)c2n(c)cc34c5=c6c=7c=8c=9c=%10c=%11c%12=c%13c%14=c%15c%11c%16=c%17c%15=c%18c%19=c%14c=%20c%13=c%21c%22=c%12c%10c%23=c%24c%22=c%25c%21=c%26c%20c=%27c%19=c%28c%18=c%29c%17=c(c7c%169)c5=c%29c%30=c%28c=%31c%27c%26=c%32c%25=c%33c%24=c(c%238)c6=c4c%33=c%32c%31c%3023,train,OPV
703,c60-cooh::o=c(o)c1=cc=c(c=c1)c2n(c)cc34c5=c6c=7c=8c=9c=%10c=%11c%12=c%13c%14=c%15c%11c%16=c%17c%15=c%18c%19=c%14c=%20c%13=c%21c%22=c%12c%10c%23=c%24c%22=c%25c%21=c%26c%20c=%27c%19=c%28c%18=c%29c%17=c(c7c%169)c5=c%29c%30=c%28c=%31c%27c%26=c%32c%25=c%33c%24=c(c%238)c6=c4c%33=c%32c%31c%3023,train,OPV
704,pcbm-cooh::oc(=o)cccc1(c23c14c5=c6c7=c8c5=c9c1=c5c%10=c%11c%12=c%13c%10=c%10c1=c8c1=c%10c8=c%10c%14=c%15c%16=c%17c(=c%12c%12=c%17c%17=c%18c%16=c%16c%15=c%15c%10=c1c7=c%15c1=c%16c(=c%18c7=c2c2=c%10c(=c5c9=c42)c%11=c%12c%10=c%177)c3=c16)c%14=c%138)c1=cc=cc=c1,train,OPV
705,c60-cooh::o=c(o)c1=cc=c(c=c1)c2n(c)cc34c5=c6c=7c=8c=9c=%10c=%11c%12=c%13c%14=c%15c%11c%16=c%17c%15=c%18c%19=c%14c=%20c%13=c%21c%22=c%12c%10c%23=c%24c%22=c%25c%21=c%26c%20c=%27c%19=c%28c%18=c%29c%17=c(c7c%169)c5=c%29c%30=c%28c=%31c%27c%26=c%32c%25=c%33c%24=c(c%238)c6=c4c%33=c%32c%31c%3023,train,OPV
706,pcbm-cooh::oc(=o)cccc1(c23c14c5=c6c7=c8c5=c9c1=c5c%10=c%11c%12=c%13c%10=c%10c1=c8c1=c%10c8=c%10c%14=c%15c%16=c%17c(=c%12c%12=c%17c%17=c%18c%16=c%16c%15=c%15c%10=c1c7=c%15c1=c%16c(=c%18c7=c2c2=c%10c(=c5c9=c42)c%11=c%12c%10=c%177)c3=c16)c%14=c%138)c1=cc=cc=c1,train,OPV
707,pcbm-cooh::oc(=o)cccc1(c23c14c5=c6c7=c8c5=c9c1=c5c%10=c%11c%12=c%13c%10=c%10c1=c8c1=c%10c8=c%10c%14=c%15c%16=c%17c(=c%12c%12=c%17c%17=c%18c%16=c%16c%15=c%15c%10=c1c7=c%15c1=c%16c(=c%18c7=c2c2=c%10c(=c5c9=c42)c%11=c%12c%10=c%177)c3=c16)c%14=c%138)c1=cc=cc=c1,train,OPV
708,pcbm-cooh::oc(=o)cccc1(c23c14c5=c6c7=c8c5=c9c1=c5c%10=c%11c%12=c%13c%10=c%10c1=c8c1=c%10c8=c%10c%14=c%15c%16=c%17c(=c%12c%12=c%17c%17=c%18c%16=c%16c%15=c%15c%10=c1c7=c%15c1=c%16c(=c%18c7=c2c2=c%10c(=c5c9=c42)c%11=c%12c%10=c%177)c3=c16)c%14=c%138)c1=cc=cc=c1,train,OPV
709,c60-sam::o=c(o)c1=cc=c(c=c1)c2n(c)cc34c5=c6c=7c=8c=9c=%10c=%11c%12=c%13c%14=c%15c%11c%16=c%17c%15=c%18c%19=c%14c=%20c%13=c%21c%22=c%12c%10c%23=c%24c%22=c%25c%21=c%26c%20c=%27c%19=c%28c%18=c%29c%17=c(c7c%169)c5=c%29c%30=c%28c=%31c%27c%26=c%32c%25=c%33c%24=c(c%238)c6=c4c%33=c%32c%31c%3023,train,OPV
710,mppa::coc1ccc(p(=o)(o)o)cc1,train,OPV
711,mppa::coc1ccc(p(=o)(o)o)cc1,train,OPV
712,npc60-oh::cn1cc23c4c5c6c7c8c9c(c%10c%11c2c2c4c4c%12c5c5c6c6c8c8c%13c9c9c%10c%10c%11c%11c2c2c4c4c%12c%12c5c5c6c8c6c8c%13c9c9c%10c%10c%11c2c2c4c4c%12c5c6c5c8c9c%10c2c45)c73c1c1ccc(o)cc1,train,OPV
713,npc70-oh::cn1cc23c4c5c6c7c8c9c(c%10c%11c2c2c4c4c%12c5c5c6c6c8c8c%13c9c9c%10c%10c%11c%11c2c2c4c4c%14c%12c%12c5c5c6c8c6c8c%13c9c9c%10c%10c%11c%11c2c4c2c4c%14c%12c%12c5c6c5c6c8c9c8c%10c%11c2c(c86)c4c%125)c73c1c1ccc(o)cc1,train,OPV
714,c60-cooh::cn1cc23c4=c5c6=c7c4=c8c9=c4c%10=c%11c%12=c%13c%10=c%10c9=c7c7=c%10c9=c%10c%14=c%15c%16=c%17c(=c%12c%12=c%17c%17=c%18c%16=c%16c%15=c%15c%10=c7c6=c%15c6=c%16c7=c%18c%10=c(c2(c1c1=cc=c(c=c1)c(=o)o)c7=c65)c1=c2c(=c4c8=c31)c%11=c%12c2=c%17%10)c%14=c%139,train,OPV
715,pcbm-cooh::o=c(o)cccc1(c23c14c5=c6c7=c8c5=c9c1=c5c%10=c%11c%12=c%13c%10=c%10c1=c8c1=c%10c8=c%10c%14=c%15c%16=c%17c(=c%12c%12=c%17c%17=c%18c%16=c%16c%15=c%15c%10=c1c7=c%15c1=c%16c(=c%18c7=c2c2=c%10c(=c5c9=c42)c%11=c%12c%10=c%177)c3=c16)c%14=c%138)c1=cc=cc=c1,train,OPV
716,pcbm-cooh::o=c(o)cccc1(c23c14c5=c6c7=c8c5=c9c1=c5c%10=c%11c%12=c%13c%10=c%10c1=c8c1=c%10c8=c%10c%14=c%15c%16=c%17c(=c%12c%12=c%17c%17=c%18c%16=c%16c%15=c%15c%10=c1c7=c%15c1=c%16c(=c%18c7=c2c2=c%10c(=c5c9=c42)c%11=c%12c%10=c%177)c3=c16)c%14=c%138)c1=cc=cc=c1,train,OPV
717,pcbm-cooh::o=c(o)cccc1(c23c14c5=c6c7=c8c5=c9c1=c5c%10=c%11c%12=c%13c%10=c%10c1=c8c1=c%10c8=c%10c%14=c%15c%16=c%17c(=c%12c%12=c%17c%17=c%18c%16=c%16c%15=c%15c%10=c1c7=c%15c1=c%16c(=c%18c7=c2c2=c%10c(=c5c9=c42)c%11=c%12c%10=c%177)c3=c16)c%14=c%138)c1=cc=cc=c1,train,OPV
718,c60-cooh::cn1cc23c4=c5c6=c7c4=c8c9=c4c%10=c%11c%12=c%13c%10=c%10c9=c7c7=c%10c9=c%10c%14=c%15c%16=c%17c(=c%12c%12=c%17c%17=c%18c%16=c%16c%15=c%15c%10=c7c6=c%15c6=c%16c7=c%18c%10=c(c2(c1c1=cc=c(c=c1)c(=o)o)c7=c65)c1=c2c(=c4c8=c31)c%11=c%12c2=c%17%10)c%14=c%139,train,OPV
719,pcbm-cooh::o=c(o)cccc1(c23c14c5=c6c7=c8c5=c9c1=c5c%10=c%11c%12=c%13c%10=c%10c1=c8c1=c%10c8=c%10c%14=c%15c%16=c%17c(=c%12c%12=c%17c%17=c%18c%16=c%16c%15=c%15c%10=c1c7=c%15c1=c%16c(=c%18c7=c2c2=c%10c(=c5c9=c42)c%11=c%12c%10=c%177)c3=c16)c%14=c%138)c1=cc=cc=c1,train,OPV
720,c60-sam::o=c(o)c1=cc=c(c=c1)c2n(c)cc34c5=c6c=7c=8c=9c=%10c=%11c%12=c%13c%14=c%15c%11c%16=c%17c%15=c%18c%19=c%14c=%20c%13=c%21c%22=c%12c%10c%23=c%24c%22=c%25c%21=c%26c%20c=%27c%19=c%28c%18=c%29c%17=c(c7c%169)c5=c%29c%30=c%28c=%31c%27c%26=c%32c%25=c%33c%24=c(c%238)c6=c4c%33=c%32c%31c%3023,train,OPV
721,c60-sam::o=c(o)c1=cc=c(c=c1)c2n(c)cc34c5=c6c=7c=8c=9c=%10c=%11c%12=c%13c%14=c%15c%11c%16=c%17c%15=c%18c%19=c%14c=%20c%13=c%21c%22=c%12c%10c%23=c%24c%22=c%25c%21=c%26c%20c=%27c%19=c%28c%18=c%29c%17=c(c7c%169)c5=c%29c%30=c%28c=%31c%27c%26=c%32c%25=c%33c%24=c(c%238)c6=c4c%33=c%32c%31c%3023,train,OPV
722,c60-sam::o=c(o)c1=cc=c(c=c1)c2n(c)cc34c5=c6c=7c=8c=9c=%10c=%11c%12=c%13c%14=c%15c%11c%16=c%17c%15=c%18c%19=c%14c=%20c%13=c%21c%22=c%12c%10c%23=c%24c%22=c%25c%21=c%26c%20c=%27c%19=c%28c%18=c%29c%17=c(c7c%169)c5=c%29c%30=c%28c=%31c%27c%26=c%32c%25=c%33c%24=c(c%238)c6=c4c%33=c%32c%31c%3023,train,OPV
723,c60-sam::o=c(o)c1=cc=c(c=c1)c2n(c)cc34c5=c6c=7c=8c=9c=%10c=%11c%12=c%13c%14=c%15c%11c%16=c%17c%15=c%18c%19=c%14c=%20c%13=c%21c%22=c%12c%10c%23=c%24c%22=c%25c%21=c%26c%20c=%27c%19=c%28c%18=c%29c%17=c(c7c%169)c5=c%29c%30=c%28c=%31c%27c%26=c%32c%25=c%33c%24=c(c%238)c6=c4c%33=c%32c%31c%3023,train,OPV
724,c60-sam::o=c(o)c1=cc=c(c=c1)c2n(c)cc34c5=c6c=7c=8c=9c=%10c=%11c%12=c%13c%14=c%15c%11c%16=c%17c%15=c%18c%19=c%14c=%20c%13=c%21c%22=c%12c%10c%23=c%24c%22=c%25c%21=c%26c%20c=%27c%19=c%28c%18=c%29c%17=c(c7c%169)c5=c%29c%30=c%28c=%31c%27c%26=c%32c%25=c%33c%24=c(c%238)c6=c4c%33=c%32c%31c%3023,train,OPV
725,c60-sam::o=c(o)c1=cc=c(c=c1)c2n(c)cc34c5=c6c=7c=8c=9c=%10c=%11c%12=c%13c%14=c%15c%11c%16=c%17c%15=c%18c%19=c%14c=%20c%13=c%21c%22=c%12c%10c%23=c%24c%22=c%25c%21=c%26c%20c=%27c%19=c%28c%18=c%29c%17=c(c7c%169)c5=c%29c%30=c%28c=%31c%27c%26=c%32c%25=c%33c%24=c(c%238)c6=c4c%33=c%32c%31c%3023,train,OPV
726,2pacz::o=p(o)(o)ccn1c2ccccc2c2ccccc21,train,OPV
727,nh2-silane::cco[si](cccn)(occ)occ,test,OPV
728,mppa::coc1ccc(p(=o)(o)o)cc1,train,OPV
729,mppa::coc1ccc(p(=o)(o)o)cc1,train,OPV
730,2pacz::o=p(o)(o)ccn1c2ccccc2c2ccccc21,train,OPV
731,czn1::c[nh+](c)ccccccn1c2ccccc2c2ccc(-c3ccccc3)cc12.[cl-],train,OPV
732,czn1f1::c[nh+](c)ccccccn1c2ccccc2c2ccc(-c3cccc(f)c3)cc12.[cl-],train,OPV
733,czn1f4::c[nh+](c)ccccccn1c2ccccc2c2ccc(-c3c(f)c(f)cc(f)c3f)cc12.[cl-],train,OPV
734,czn4::nccnccnccnccccccn1c2ccccc2c2ccc(-c3ccccc3)cc12,train,OPV
735,czn4f1::nccnccnccnccccccn1c2ccccc2c2ccc(-c3cccc(f)c3)cc12,train,OPV
736,czn4f4::nccnccnccnccccccn1c2ccccc2c2ccc(-c3c(f)c(f)cc(f)c3f)cc12,train,OPV
737,odt::ccccccccccccccccccs,train,OPV
738,otms::cccccccccccccccccc[si](oc)(oc)oc,train,OPV
739,pym::occ1ccc2ccc3cccc4ccc1c2c34,train,OPV
740,pym::occ1ccc2ccc3cccc4ccc1c2c34,train,OPV
741,pym::occ1ccc2ccc3cccc4ccc1c2c34,train,OPV
742,pym::occ1ccc2ccc3cccc4ccc1c2c34,train,OPV
743,pym::occ1ccc2ccc3cccc4ccc1c2c34,train,OPV
744,pym::occ1ccc2ccc3cccc4ccc1c2c34,train,OPV
745,pym::occ1ccc2ccc3cccc4ccc1c2c34,train,OPV
746,m-bt::cc1=cc2=nnn=c2c=c1,train,OPV
747,m-bt::cc1=cc2=nnn=c2c=c1,train,OPV
748,m-bt::cc1=cc2=nnn=c2c=c1,test,OPV
749,bpd-3pa::o=p(o)(o)cccn1c(=o)c2ccccc2c1=o,train,OPV
750,btz-3pa::o=p(o)(o)cccn1n=c2c=cc=cc2=n1,train,OPV
751,rh-3pa::o=p(o)(o)cccn1c(=s)scc1=o,train,OPV
752,bpd-3pa::o=p(o)(o)cccn1c(=o)c2ccccc2c1=o,train,OPV
753,btz-3pa::o=p(o)(o)cccn1n=c2c=cc=cc2=n1,train,OPV
754,rh-3pa::o=p(o)(o)cccn1c(=s)scc1=o,train,OPV
755,3-eg::occoccocco,train,OPV
756,4-eg::occoccoccocco,train,OPV
757,5-eg::occoccoccoccocco,train,OPV
758,3-eg::occoccocco,train,OPV
759,4-eg::occoccoccocco,train,OPV
760,5-eg::occoccoccoccocco,train,OPV
761,3-eg::occoccocco,train,OPV
762,4-eg::occoccoccocco,train,OPV
763,5-eg::occoccoccoccocco,train,OPV
764,3-eg::occoccocco,train,OPV
765,4-eg::occoccoccocco,train,OPV
766,5-eg::occoccoccoccocco,train,OPV
767,3-eg::occoccocco,train,OPV
768,4-eg::occoccoccocco,train,OPV
769,5-eg::occoccoccoccocco,train,OPV
770,3-eg::occoccocco,train,OPV
771,4-eg::occoccoccocco,train,OPV
772,5-eg::occoccoccoccocco,train,OPV
773,3-eg::occoccocco,train,OPV
774,3-eg::occoccocco,train,OPV
775,cz1n::cn(c)ccccccn1c2ccccc2c2ccccc21,train,OPV
776,cz2n::cnccnccccccn1c2ccccc2c2ccccc21,test,OPV
777,cz3n::nccnccnccccccn1c2ccccc2c2ccccc21,train,OPV
778,pzn1::cn(c)ccccccn1c2ccccc2sc2ccccc21,train,OPV
779,pzn2::nccnccccccn1c2ccccc2sc2ccccc21,train,OPV
780,pzn3::nccnccnccccccn1c2ccccc2sc2ccccc21,train,OPV
781,pzn4::nccnccnccnccccccn1c2ccccc2sc2ccccc21,train,OPV
782,2pap-sam::o=c1c2ccccc2c(=o)n1ccp(=o)(o)o,train,OPV
783,2pap-sam::o=c1c2ccccc2c(=o)n1ccp(=o)(o)o,train,OPV
784,ic-sam::o=c(o)c1ccc(c=c2c(=o)c3ccccc3c2=o)cc1,train,OPV
785,2pap-sam::o=c1c2ccccc2c(=o)n1ccp(=o)(o)o,test,OPV
786,ic-sam::o=c(o)c1ccc(c=c2c(=o)c3ccccc3c2=o)cc1,test,OPV
787,abpa::nc1ccc(cp(=o)(o)o)cc1,train,OPV
788,aba::nc1ccc(c(=o)o)cc1,train,OPV
789,aba::nc1ccc(c(=o)o)cc1,train,OPV
