XGBoost_Clean_AbsResidual,XGBoost_100Noise_AbsResidual,LLM_Enhanced_Clean_AbsResidual,LLM_Enhanced_100Noise_AbsResidual
0.2096853637695304,0.3241125852221354,0.5214674502685135,0.582094085217854
0.00399477767944334,0.07513839280044059,0.01548387595210321,0.028389326992583286
0.8391417694091814,1.2189399862971908,0.16203770273691376,0.17710313662889654
0.010026420116424517,0.09170244694151002,0.0165432602381953,0.035509098581915186
1.2539270782470702,1.8492344920936483,0.2599372130049815,0.29998006039721903
0.001287700176239026,0.019037574121853067,0.011186682303605089,0.05270835284728308
0.8207794189453139,1.1970620410064479,0.09621910852045801,0.1040069825170484
0.0377718977928162,0.0951478412013647,0.024102687819997137,0.04505644516881207
0.8060729217529286,1.2479367089532545,0.5868613992691145,0.6357220642179386
0.013534105777740502,0.12283923113092571,0.006426622763674006,0.008891166878653047
0.5828262329101577,0.9169001345118629,1.0857935927069065,1.1977416212073069
0.001368335056304959,0.030549914847692077,0.007394734565557837,0.010330886855906371
1.2560729217529314,1.8293281972215212,2.25006278699502,2.4560704165402525
0.011287700176239035,0.10156514432434981,0.00118668230360508,0.013862161319934892
0.4792205810546868,0.7150838832276086,1.3962191085204587,1.526803919853352
0.02562810220718381,0.11727235810563418,0.039297312180002875,0.06281704162810164
1.2270668029785154,1.837573886475346,1.384898813121775,1.5296061536139318
0.06463541316986088,0.10596076926206607,0.050913901075120394,0.0742077465636981
1.0025933227539063,1.459326108437203,0.5950961552956606,0.6478846562205807
0.017289933204650887,0.100392191113647,0.030245588109887533,0.03644987289765106
0.045956516265869496,0.06873013559551738,0.08641675850357355,0.11543210889610059
0.012463292121887237,0.03204239333812621,0.01571170630004004,0.022195948265361816
1.3103159408569347,1.9978910500890654,0.36230741316215287,0.4135540608421492
0.011223834991455073,0.08678779604336977,0.015042979447239424,0.06347896050301048
4.870703124999999,7.10494839452198,1.9407541991760144,2.0972368834865582
0.048492551326751676,0.07986355121810276,0.0007871899421980633,0.007104246529452683
5.840949630737306,8.51516757018326,0.45036689932029006,0.5273225537755389
0.10158306550979612,0.16290110053781257,0.0665498884227862,0.10186344955404235
5.603973197937012,8.277384791420022,2.2801856844528583,2.474558036426774
0.11276893568038937,0.18843354155716593,0.005199257969156212,0.03908627491221547
5.822700881958006,8.460267452339574,0.09049292127981445,0.11335516355865181
0.12344987487792969,0.18518911360198587,0.10847990061350288,0.13279487374068943
1.748981094360353,2.584689104436789,1.0659975649458815,1.1588216357815542
0.04882555341720585,0.1224462399770881,0.014854538137936024,0.033043002117803595
0.6646182250976551,1.0456581278045654,0.5116071857252145,0.5664573232957592
0.0172727962493896,0.05715010399772203,0.015123725883672723,0.017647022604422382
1.2516350555419926,1.828224161390925,0.515099299828627,0.5637731206802696
0.043075836658477806,0.08863636579941965,0.009079294253905301,0.06097187929779107
0.030456848144531534,0.04756135991805461,0.41527986365772307,0.45745419806677207
0.030716695404052752,0.07764238694245232,0.016222760553991855,0.021471570703513698
0.39532546997070384,0.6240287728394402,0.6592930664042562,0.7388197061630607
0.008672479152679435,0.038063142591210436,0.00938898725846038,0.053487316741991926
0.3714247131347648,0.5614878786131153,0.32072958382856953,0.3529849383668388
0.008190750789642376,0.056166361146234405,0.006069469059481469,0.007916003772112825
2.339267921447753,3.425765076044181,3.0810242175534697,3.3334350310188974
0.012244954586029033,0.09712853450956145,0.0035818426505563883,0.015529075230107752
3.381166839599608,4.940969578910903,4.1548057888967165,4.516318447532477
0.05496254444122317,0.11017008912523973,0.006358672738190241,0.018152962267565565
0.15240539550781307,0.2410032927643432,0.5450180474383366,0.595702485421426
0.012823942184448267,0.027067837098124114,0.0024719373549595414,0.02289334393140109
0.06414245605468594,0.13107802283886916,0.16480321307469126,0.17855280647352104
0.017692130565643338,0.08166859619721926,0.013177734304913091,0.018614138462803877
2.667105865478515,3.9281063802014007,1.622281895675048,1.7566228578950953
0.0023967652320862065,0.0061571453216405884,0.010374475583238674,0.030781447967236225
3.746087188720704,5.499399577298068,0.8285160077679379,0.8971336742139773
0.06330530605316165,0.10088163206005304,0.02408422445666969,0.03669820755772747
0.07225341796874929,0.13154135122558855,0.8380698407217757,0.9272837901269275
0.011704529762268101,0.05196206624081119,0.04645190382804165,0.06310603689867841
0.43454296875000153,0.7091870631318012,0.27070163473172926,0.3069383432877582
4.535245895387341e-05,0.02838052459040441,0.022137055683049134,0.04114097662458571
1.427336120605469,2.0866111570247505,0.28994129865470875,0.31752132660250926
0.03833612918853757,0.1595326653874158,0.04907536194560613,0.0675130548853605
1.830265991210938,2.7107681547113835,0.44770975767745647,0.4917730190417064
0.006506237030029283,0.041904592627145826,0.011621388793770393,0.04895727125827902
0.8936999511718753,1.3048179986960171,0.5570294461662257,0.6158443845764983
0.021039421558380123,0.12706739635504122,0.020543205148670363,0.03074609569716015
0.14511817932129034,0.22805468655674574,0.3136301025295154,0.3487072760713635
0.02413142423629766,0.0589695102975061,0.009602003973398054,0.0174322090405686
2.066134490966796,2.997358550536903,1.080798546903111,1.1989070864980444
0.031142245769500754,0.09878469211924198,0.005653363646099585,0.015774141663742965
0.06662712097168111,0.16557818414070108,0.362385331360354,0.4040301527332692
0.06609148502349849,0.10956107828671655,0.033371666059081595,0.05051279586487576
0.2605635070800787,0.43404308396985614,0.192778770756032,0.20945692670996724
0.013740215778350828,0.02460010369299017,0.013124452340060766,0.028772578191271433
0.0937306976318375,0.17025422457983924,0.6723927607482771,0.7589071505245475
0.025178278923034703,0.09222686337063096,0.00851722051913184,0.018529442118987972
0.9396138763427722,1.3729379439680933,0.6857641246251198,0.7720317164651873
0.0004824724197387553,0.020018449488387817,0.009596198188303262,0.02896000191886182
1.5887570953369128,2.3928173371083203,0.28935318953375244,0.33375007874963664
0.0030420494079589355,0.05638363391463328,0.004204642920629054,0.01665906090640028
4.184365844726562,6.080857202745264,1.3565978497675335,1.4784992543502686
0.008390909671783464,0.13366232321595725,0.007134806537881344,0.01553469980586853
5.810333480834959,8.433182736107318,0.47731991919324557,0.5325854472355783
0.0022339997291564995,0.02599649349267083,0.0046622941783937,0.013838843573734074
1.3586043548584001,1.9802275603818185,0.5779509024847904,0.6373495145079859
0.013036437511444121,0.09182135359009236,0.006718912701712432,0.030476026903483305
1.935578765869142,2.8237725649965753,0.5632326866594113,0.6133039284646888
0.023641859722137504,0.060622792451961754,0.016123106994254566,0.030350410523775496
1.7386043548583991,2.53066541364503,1.148403983346114,1.2607927952862787
0.0009635624885558913,0.06799308626770137,0.002102601699172646,0.015593449504728239
1.934610900878905,2.866320256820579,0.6393882222279714,0.7055936733497472
0.03053423709869385,0.174668253925586,0.010813723098612171,0.01644218524130003
0.4340228271484392,0.6760341603058133,0.18200076441349466,0.20999642996846357
0.027850158214569043,0.11013584904149004,0.007159504278190898,0.04505257327835716
1.1444335937500014,1.6651147738694174,0.32629013676145746,0.3656829823075189
0.030264878177642784,0.0573897550129007,0.0008011283940260183,0.04860655641613972
2.008571166992187,2.9495266173711614,0.9396813694010149,1.018649315405443
0.005174446582794201,0.07582381035086143,0.0024408308625278874,0.0049302727158401565
2.0223434448242195,2.941234653237457,0.48049516603073883,0.5288544360826307
0.028991209316253652,0.18398910327100612,0.01338542059911041,0.019134875896550135
3.178380050659179,4.691826619856704,1.2857241975694365,1.395143203210718
0.09471691560745243,0.2178878683181154,0.03042213388762649,0.06215094925266022
0.2784049987792976,0.4057732747973862,0.31799317867161037,0.35342414368956215
0.07900653314590456,0.12000620755510337,0.003291641997887673,0.01548714537109923
1.4863964843749997,2.2068871825267844,0.7357488033992396,0.807110861200186
0.013865712165832544,0.1177203385704929,0.0022479415335034947,0.004476353889158058
1.9845661926269536,2.908425177121674,0.24031254196927776,0.26546793722322337
0.029576336288452132,0.0713866910112709,0.015814171037775937,0.02882082488554988
0.7336035156249991,1.0810931318672787,1.4842511966007592,1.6116276513492498
0.035865712165832564,0.08866381082720218,0.024247941533503514,0.03613638562372956
0.9945661926269516,1.5310046796479342,0.7496874580307242,0.8200387140507179
0.01732366371154781,0.06758754440314832,0.031085828962224005,0.05682125061272708
2.2881922149658216,3.3579387211593796,1.147922361783607,1.2500347002623555
0.024728592872619637,0.15839053213065526,0.0035241804261968435,0.02592857648358154
0.8129994964599625,1.196110262842501,0.43013479466399573,0.5043162131949817
0.054048457145690953,0.08456516155912265,0.022313578887414365,0.04970983504954208
0.23101692199707102,0.3885494936725771,0.4605277057096018,0.4980704975486056
0.005922451496124248,0.021278168732574217,0.0007807810515740865,0.009080396906997187
0.413664627075196,0.6076751426382656,0.17489601209355143,0.20757498467762142
0.01834136533737185,0.03278811934700546,0.008516325291581084,0.027890413525932772
1.5913322448730476,2.3504576361769782,1.0218815636084244,1.1198287993789586
0.0009607028961181596,0.05682814970521801,0.003737485289098341,0.006476235759790978
0.9325447082519531,1.3654483393556425,1.1184184676812592,1.249172857531669
0.039387617111206086,0.062064684112256414,0.008621265965154778,0.03386727296427544
8.51181121826172,12.349972823712045,2.981074886289754,3.2473367675874543
0.0912124133110046,0.16528695372924412,0.03141293112658072,0.044575106045073434
11.730036544799805,17.042095153064178,2.8708097305972977,3.126996222747077
0.12068011951446533,0.23989022285028178,0.09115278710437102,0.11657666010960843
1.5912040710449205,2.3227629786082025,1.440996729084322,1.5723140079389994
0.047971570491790794,0.09240022113915083,0.022436962807425576,0.03789408542312565
0.04466094970702983,0.10769784407482563,0.6326308516519781,0.7213404516566658
0.04894870239257809,0.09033082454237942,0.019190400872512225,0.05824304820086622
1.9699550628662124,2.900763119585722,1.1955703971181215,1.297504163790745
0.012702745437622065,0.020293544465105277,0.011144925581486165,0.02062095226490624
1.5417930603027337,2.2805998673641033,0.792115693815358,0.8648762744983816
0.025995397567749046,0.07994588865491958,0.031049457093042965,0.06420168784830457
0.6400449371337906,0.9348403251457363,0.6389887337712885,0.6934893364653515
0.008246445655822776,0.01969539626073028,0.013235122166974533,0.03790046605312021
0.5185440826416006,0.8128928820118944,0.14252316593874426,0.15820361666534888
0.011688434982299767,0.050977465199727706,0.014101969178192952,0.043732784149769985
2.609294509887695,3.8050081776624816,2.725074478287551,2.943623396901212
0.013491719245910638,0.08108163349920935,0.006637718757904865,0.008439887188795762
4.656130218505858,6.771537446972597,4.83086224915262,5.238246692726583
0.020650483131408714,0.08506350003021296,0.007904659508530365,0.009240148018462038
0.8907054901123033,1.3780020225239626,0.5856100344157511,0.648037455185545
0.003508280754089377,0.052717225867906094,0.009971710850891546,0.029868730097991313
0.6438697814941392,0.9354901696222808,0.5174067055647349,0.5858627766880675
0.03565048313140873,0.052222152501137944,0.004612525600099504,0.022529244015068464
2.074181594848632,3.0394630680251375,0.8675941404910468,0.9693121234615928
0.0034948444366454945,0.04784493148150351,0.0029703978868297343,0.016512034528635353
2.08405143737793,3.045242976924588,1.033650080728414,1.1194242077959173
0.03347352104187007,0.05929654924532503,0.014699004741843935,0.02244273772871128
1.0052539825439446,1.4692681620464443,1.0476212896712411,1.1908465016703567
0.010474827289581268,0.03270008518828446,0.01025073368955598,0.03195599105587186
0.1369750976562507,0.3206136586775178,0.3224805497615115,0.35460025948642404
0.015905030250549346,0.14638199416158135,0.017713370866816902,0.05107137899527424
1.1034909820556642,1.6209296829102418,1.100918645268277,1.223839772186203
0.034096424579620366,0.08110759870484284,0.04343692088072293,0.07842330406416367
5.682404899597168,8.247477259173769,3.0773010787917117,3.3307645226328986
0.12294355869293211,0.21251613033784442,0.06002472470869702,0.06621074195356647
1.7334909820556632,2.5362837722945986,1.782875826475144,1.9399590704504608
0.034096424579620366,0.05820480587730799,0.043213137904735355,0.0634218774909473
5.332404899597168,7.768892701097714,2.7273010787917116,2.97671279320588
0.14294355869293213,0.2220028640246239,0.043722070006536995,0.04864302381299567
1.0084167480468764,1.5048346030708366,2.027742040489425,2.2001709191065744
7.506990432737393e-05,0.026797780192783522,0.016804044545791652,0.024087712598072596
0.6614559173583991,0.9637298465906529,0.649472494573704,0.7129538345798043
0.031872892379760764,0.05692049755823311,0.036904907096467876,0.07622382510428599
1.4870519256591805,2.184928710362629,0.5171825351352712,0.5776566827877639
0.0197175478935242,0.052250548952981306,0.014571747876502394,0.02935096883381959
1.8070005035400385,2.672990982058601,0.9508903888229696,1.0554036635898554
0.010015456676483181,0.07131836949586164,0.036938752288267596,0.04325878354421087
1.0370519256591795,1.528013673752604,0.6099134835572269,0.6695402112108733
0.019008133411407502,0.05834794843113159,0.013697383741544278,0.020847109996711244
0.8770005035400388,1.3107952835863084,0.2913617281062706,0.3193551852050384
0.02001545667648319,0.03489734361404528,0.022459724735497066,0.0385453020282713
2.2370519256591805,3.3078275519013953,0.6965057777731172,0.7755537715442119
0.003811621665954612,0.01738407318511985,0.0045184166388225755,0.028359233263450894
1.6270005035400388,2.404265804292432,0.10201345739326939,0.13652732968447057
0.06236198997497555,0.1468851530917452,0.03413239245809507,0.03784062235402982
0.2570519256591801,0.43084337204172335,0.0019765621518548215,0.02058736387576598
0.011155600547790523,0.0462360198493417,0.018670126444339186,0.026655231127492744
1.3970005035400384,2.1479203802396483,0.7010836932247635,0.7715323968326399
0.007984543323516835,0.07973845313404604,0.010751945451522249,0.043476953976401535
0.8548458099365241,1.2715331554836902,0.27626338470354384,0.30699001735880543
0.0014638757705688343,0.03535701055717454,0.0053625310902185586,0.03136744083174951
1.744435501098632,2.5375391645609184,1.27400205422882,1.395796202974269
0.017136037349700928,0.10744449160553304,0.0051316540930570476,0.016909058548906286
0.08867797851562642,0.16903802407674687,0.40017119836726067,0.45272650849701435
0.011378462314605708,0.12610534994087172,0.013434083583404921,0.03576500697781883
1.0164554595947273,1.5404466264903598,0.7327032272940919,0.8042293316109628
0.017729837894439715,0.046419796151053606,0.007943000421581914,0.02803707066592877
0.17793312072753764,0.2746604287261168,0.3988592630916017,0.4338799775991858
0.008616919517517085,0.027020481632613287,0.004712702373134148,0.01277622456615695
0.8567214965820327,1.2898260163585564,0.12921575874922553,0.17258535449711288
0.022415249347686794,0.035419046984154184,0.009274506668730198,0.02842203584835007
1.4722925567626959,2.152704167837063,0.650676701749159,0.7358723197565332
0.004937944889068624,0.0506854861399021,0.04057921682532206,0.05060332223495753
1.3001179504394536,1.8911382056083978,0.7560644412161892,0.839749285758507
0.027928478813171398,0.05657010387114873,0.011075076669686656,0.01656625741266038
0.9559027862548817,1.3917925383786094,0.26321083381805366,0.30203502214442496
0.0328334164619446,0.08491850445886229,0.002436306156367807,0.0095337914309533
0.5079541015625004,0.7766832153170602,0.9157747139782657,1.0093948513459683
0.044896344184875536,0.08365280551488785,0.0030017556261436873,0.02703994893140541
1.881197357177733,2.762214455728206,0.238730157939802,0.27567258635476194
0.0018388357162475444,0.03913286096379265,0.010638912142309165,0.04908965841319307
1.5430612182617196,2.2445314841412514,0.47377676608691743,0.5122886127151148
0.028272152805328354,0.08342195764297505,0.004021072181355945,0.02519413124936036
2.2175017547607414,3.240341079017325,2.1088175190000538,2.2915382992302225
0.008787549495697045,0.027036712778371455,0.0012283086659408138,0.0028954788078894237
2.552021026611328,3.760140146488559,2.929335381879632,3.181723609553998
0.01718764076232915,0.03910226932838565,0.021633465937877627,0.03812418813867585
2.7032289123535156,3.9266091829519736,1.7290966562138879,1.8717180793642139
0.15293130350112916,0.25890057100634084,0.10226936938443787,0.11229611364512729
1.3614294052124016,2.111258435302283,0.17802084873707713,0.23452653683225186
0.08244892597198483,0.12240677424004685,0.03530860280868675,0.04051507700809188
0.2938922119140628,0.43224071398624503,0.3422917862741599,0.3811391876989414
0.007080553054809591,0.030059628576379106,0.007047387240190273,0.018223781597212947
0.29638114929199233,0.442152109711617,0.5771560561278477,0.6280946546554466
0.01750130214691159,0.06695804839701633,0.021333131252007753,0.052918271665267316
0.5135726928710938,0.7740725554487429,0.37370130066452845,0.4279152414750022
0.022063436985015894,0.12899267421470131,0.016464557623387277,0.028509255722723996
0.7115496826171892,1.0334319145685567,0.19373007791139685,0.21496524450768023
0.02091188240051267,0.0952561066660578,0.006972667475647509,0.016011118497541353
1.8256424713134756,2.689292995904265,0.17086852898917115,0.2102521061732217
0.0037231187820434553,0.0345234021487471,0.02066119138114708,0.03892412616699159
1.7040015411376963,2.532584139516262,0.037151206261651026,0.040444264311891104
0.0272107099533081,0.05722868343003909,0.007702916598320786,0.01693308549140604
1.272415237426756,1.8894027490200167,0.5829645781473047,0.643212194330697
0.011370779037475631,0.01687605935479506,0.02019571478283222,0.03327991825843049
2.1023525238037095,3.0549996261497347,1.5359306959020458,1.6646352621743061
0.035166110610961865,0.06420031406572455,0.0036521826836385385,0.03693401163279992
0.573603515624999,0.8646531668040879,1.0382534029538668,1.1227521473115813
0.004927770137786891,0.07760787538893436,0.01995156211729654,0.03849653040644163
0.8645661926269526,1.2635125231504112,0.14307836592311673,0.17497797965753303
0.019392686939239456,0.06025312107130666,0.02322252808729741,0.0377692428979979
1.4063964843750014,2.0418398196839718,0.9961498882029112,1.0844762975272106
0.021612380027770994,0.07172109074244992,0.015913133438954286,0.038206810618965546
1.4728498840332023,2.138501303091421,0.03376688095660185,0.060391275558606586
0.027599690437316915,0.10224794591455419,0.019621488188610536,0.04022038021824996
0.5036155700683587,0.7579522702332953,0.8128577234410947,0.8914919498950822
0.017493810653686492,0.07770685796029705,0.04403261490878707,0.059383540669842944
0.3115070343017585,0.5030462911581899,0.2773808209351287,0.31705645572880514
0.01521379518508914,0.02602154470519375,0.020206578173429413,0.02219371998590984
1.6559117126464855,2.4440740820744495,1.393536203768324,1.5113335363285365
0.00571941375732421,0.1212490197414257,0.010750718987036278,0.013938839742331425
1.0817284545898431,1.5970411142632237,0.6873404854380532,0.7768178601664347
0.045746155166625946,0.07600901187937636,0.03393538688189246,0.0623129646744779
0.4140882873535148,0.6597983175434899,0.2427221397762942,0.269576056052787
0.004573008155822733,0.09171022253951604,0.010657326253918242,0.017901351104345542
0.4123912689208993,0.6857462031979431,0.6547426310267035,0.7160173161601688
0.006838532543182341,0.035380882777427944,0.0004033385367921971,0.02201796881203066
1.0159477233886705,1.4733050040337008,1.7840884819422698,1.9436516463575497
0.08313449411392215,0.13901049362958953,0.027215471124178547,0.030461219025374884
2.653751971435547,3.897279998916733,1.2899247823943298,1.409493404215591
0.028849557209014942,0.05941139028064828,0.020080289582763422,0.03296344118473281
0.7217789459228516,1.0488225359012413,0.27145658328610445,0.2972719679642256
0.04391243410110479,0.12826705761173668,0.03607994009208093,0.06415857848228795
0.8461754608154308,1.2507085864338487,0.6295910275628032,0.7082457093210318
0.0231576391220093,0.04177500633014828,0.011772183650209045,0.01781664407226177
0.8346681976318351,1.2246964092181434,1.1218792375951026,1.2189896579674633
0.0043222546577453835,0.016503552150267477,0.019672312981629636,0.027974120336202845
1.38787437438965,2.1073587205845947,1.044153803369241,1.1380017132141764
0.015592715358734077,0.05267275401544725,0.01755506486016023,0.02048319379793743
2.8464283561706543,4.15058969572485,0.13375567569280644,0.15468835971469488
0.19700790643692012,0.2992958540678161,0.040830580648670955,0.04737881389563413
3.502699356079102,5.087310495010711,1.296063774901823,1.4138307109010915
0.04015106029510496,0.09950939206520334,0.014073097280918878,0.018757765369587114
3.435466766357422,5.066095651293684,3.636446348050871,3.938589914551723
0.09082054615020752,0.1344607907953762,0.07459745079354418,0.08612711683372086
2.7165023040771494,3.962810861800089,3.2418910737962037,3.5030077038851677
0.07721982479095457,0.1145444698315651,0.05740126704702042,0.07616183034651117
0.8060729217529286,1.2732677356119195,0.5410008355292177,0.5978245153935665
0.013534105777740502,0.07415340377980922,0.008042024053605101,0.03362578258732554
0.5828262329101577,0.8941337310934708,1.2874839658378043,1.3959651665760682
0.001368335056304959,0.028954555345870665,0.0034213083436142044,0.00752970958715955
0.10607292175292926,0.20049097628662105,0.09286762047553054,0.10728624523106356
0.012747550010681175,0.01963242167976984,0.007246857713341326,0.022860278794911093
0.45962562561035014,0.6980221771376457,0.09253869419639926,0.12256928121376902
0.0028642751693725987,0.0360039305356568,0.0001088044095012286,0.03121576215461427
2.492865104675293,3.640392949141946,0.17574160525703375,0.19148437856394213
0.06669652938842774,0.16310138463466736,0.0009277464390762269,0.007989233072097639
2.833626327514649,4.121671412333776,3.8899346429411263,4.215555990091257
0.02126438760757443,0.08780469795384085,0.003832359832502852,0.014861769158248966
2.222035121917725,3.2301703609079313,2.6597533050999607,2.881910779269556
0.2133149552345276,0.34170613389744886,0.18205595306788946,0.23596456417748995
1.9794076919555668,2.87639889761662,2.3890167807507936,2.5918348261340203
0.038610604286193895,0.09623613789697749,0.03828082196066007,0.06157717245213
2.288502407073975,3.3315069129481234,0.016567920517943424,0.02188496035070101
0.19497833251953123,0.30745822253551464,0.282878427851214,0.31241492221054873
2.317378921508789,3.367481728847796,1.037609527661136,1.1450646410728091
0.06271658658981327,0.09563990014781457,0.09071357958329951,0.11156960736820903
3.0885024070739746,4.495920235817528,0.8165679205179432,0.8964959824304585
0.3450216674804687,0.5670298015458792,0.25712157214878595,0.29827101458095695
6.347378921508789,9.263283630154103,2.9923904723388643,3.260805342470921
0.023283413410186804,0.06501665241140175,0.004713579583299432,0.022688299482878174
2.215821132659912,3.273911794071061,1.2490536876140266,1.3496100999464613
0.05823816299438478,0.08766906017564774,0.0060238590367587275,0.030119201453082875
3.8698052597045898,5.613359813561631,1.0590433608018746,1.1696889097697276
0.022943013668060286,0.08844128900241248,0.03089598756092382,0.08073537653927879
5.435995674133302,7.961412510745082,1.9703411824062087,2.146506806002996
0.07152515506744384,0.17836227647934919,0.009150438240314251,0.03330878411680382
5.711828231811523,8.327029917110766,1.0495481586339679,1.142025763691518
0.10182841539382936,0.3026911933930335,0.061272883367626374,0.07991223992942503
3.0681225585937497,4.508550301814846,2.206635731364723,2.414546248150892
0.1607113194465637,0.2449192254894066,0.1311616548928859,0.14173777150140096
0.15955192565917997,0.2485793819728599,0.30507233497279174,0.32991947769582297
0.03931417226791378,0.11337739807686179,0.07545032303720944,0.08195010343123105
0.25369243621826243,0.37757087295941527,0.15252192210426685,0.16846685545844878
0.028543817996978804,0.05343298635001129,0.010380786734390468,0.01685044931104189
0.7980522155761705,1.2275793451788244,2.8132171855884636,3.0474262521905464
0.016258621215820335,0.027056955345232406,0.020061830337815834,0.04745012304946991
1.6208972930908203,2.3706307117158834,3.521461650043422,3.8262948671585333
0.03329466581344609,0.051573050833664674,0.08821468014831246,0.09951602412731914
3.1828479766845703,4.648564399017437,2.693217856111321,2.9153063721875414
0.008143031597137473,0.028228836461152707,0.047693486395075424,0.05505220591825234
